,distance_miles,hour,year,weekday,night,late_night,jfk,ewr,lgr,Suffolk,Rockland,Dutchess,Orange,Putnam,airport,county1,county2
13401,13.404052578664206,16,2014,1,1,0,1,0,0,0,0,0,0,0,1,1,0
8290,10.518216076907729,16,2012,6,0,0,0,0,0,0,0,0,0,0,0,1,0
8347,9.18699175454802,7,2013,4,0,0,1,0,0,0,0,0,0,0,1,1,0
12155,6.034918653294161,1,2014,4,0,1,0,0,1,0,0,0,0,0,1,1,0
12262,0.544662154988222,12,2010,6,0,0,0,0,0,0,0,0,0,0,0,1,0
1401,4.635287748359315,23,2013,2,0,1,0,0,1,0,0,0,0,0,1,1,0
890,3.6135858392819453,3,2010,4,0,1,0,0,0,0,0,0,0,0,0,1,0
4128,12.910210428815894,16,2015,6,0,0,1,0,0,0,0,0,0,0,1,1,0
6261,5.555077885861287,19,2009,2,1,0,0,0,1,0,0,0,0,0,1,1,0
12704,5.955963547079376,23,2011,3,0,1,0,0,1,0,0,0,0,0,1,1,0
12398,12.475558491887762,17,2010,0,1,0,0,0,0,0,0,0,0,0,0,1,0
12675,6.880223590709023,23,2009,6,0,1,0,0,0,0,0,0,0,0,0,1,0
9908,1.4205307844072272,7,2014,6,0,0,0,0,0,0,0,0,0,0,0,1,0
8287,4.9070690477274574,21,2012,0,0,1,0,0,1,0,0,0,0,0,1,1,0
7730,7.814950313907723,6,2011,6,0,1,1,0,0,0,0,0,0,0,1,1,0
6258,9.448278978885172,3,2009,0,0,1,0,0,0,0,0,0,0,0,0,1,0
7005,6.483516036339025,6,2009,5,0,1,0,0,1,0,0,0,0,0,1,1,0
6677,16.384981823532318,23,2010,6,0,1,1,0,0,0,0,0,0,0,1,1,0
4517,6.142636319144584,14,2009,3,0,0,0,0,1,0,0,0,0,0,1,1,0
554,5.954649989052387,15,2013,0,0,0,0,0,1,0,0,0,0,0,1,1,0
2502,5.796045337844002,13,2012,6,0,0,0,0,1,0,0,0,0,0,1,1,0
2694,12.365477115002946,16,2012,4,1,0,1,0,0,0,0,0,0,0,1,1,0
3365,5.629981091495837,23,2015,0,0,1,0,0,1,0,0,0,0,0,1,1,0
6070,2.3309634978747065,3,2015,3,0,1,0,0,0,0,0,0,0,0,0,1,0
10555,12.708988430799154,15,2014,2,0,0,1,0,0,0,0,0,0,0,1,1,0
1533,2.021387962498882,13,2012,1,0,0,0,0,0,0,0,0,0,0,0,1,0
11814,7.011988391457113,4,2012,6,0,1,0,0,0,0,0,0,0,0,0,1,0
3397,7.632600108208989,11,2009,5,0,0,0,0,1,0,0,0,0,0,1,1,0
13740,8.525796144868059,7,2011,0,0,0,0,0,0,0,0,0,0,0,0,1,0
7152,11.666163119172667,6,2010,2,0,1,0,1,0,0,0,0,0,0,1,0,0
8021,5.381580389851532,18,2013,6,0,0,0,0,1,0,0,0,0,0,1,1,0
10260,9.839949778241937,14,2011,4,0,0,1,0,1,0,0,0,0,0,1,1,0
7972,6.592667002569998,22,2013,6,0,1,0,0,1,0,0,0,0,0,1,1,0
7910,6.074749409981684,8,2011,0,0,0,0,0,1,0,0,0,0,0,1,1,0
7463,5.730834775208758,13,2011,5,0,0,0,0,1,0,0,0,0,0,1,1,0
8345,10.115617181057926,0,2015,6,0,1,0,0,0,0,0,0,0,0,0,1,0
1048,3.4809137059535504,23,2011,0,0,1,0,0,1,0,0,0,0,0,1,1,0
6178,6.46016330726639,10,2010,0,0,0,0,0,1,0,0,0,0,0,1,1,0
2588,3.2537781818263705,18,2009,2,1,0,0,0,0,0,0,0,0,0,0,1,0
7115,2.916881257135374,1,2010,1,0,1,0,0,0,0,0,0,0,0,0,1,0
809,11.910453559487145,15,2011,5,0,0,1,0,0,0,0,0,0,0,1,1,0
10292,12.757864345427745,21,2014,2,0,1,1,0,0,0,0,0,0,0,1,1,0
4514,6.3908097408790026,8,2015,0,0,0,0,0,1,0,0,0,0,0,1,1,0
4752,12.500396003572199,13,2012,4,0,0,1,0,0,0,0,0,0,0,1,1,0
5807,12.42570823969559,20,2010,4,1,1,1,0,0,0,0,0,0,0,1,1,0
10489,13.075859013905582,13,2012,6,0,0,1,0,0,0,0,0,0,0,1,1,0
8166,10.186285746211734,3,2009,3,0,1,0,0,0,0,0,0,0,0,0,1,0
4931,8.02534059780782,19,2009,3,1,0,0,0,0,0,0,0,0,0,0,1,0
11910,6.0156309499280445,15,2015,2,0,0,0,0,1,0,0,0,0,0,1,1,0
8562,5.881465949783667,14,2012,6,0,0,0,0,1,0,0,0,0,0,1,1,0
8471,5.493745719524228,19,2012,6,0,0,0,0,1,0,0,0,0,0,1,1,0
832,5.790406438713503,13,2009,5,0,0,0,0,1,0,0,0,0,0,1,1,0
5196,10.181925733109788,1,2012,6,0,1,0,0,0,0,0,0,0,0,0,1,0
7988,13.307143397960605,4,2015,4,0,1,1,0,0,0,0,0,0,0,1,1,0
11544,11.957770760231526,5,2014,0,0,1,1,0,0,0,0,0,0,0,1,1,0
1387,5.609152493675245,18,2009,2,1,0,0,0,1,0,0,0,0,0,1,1,0
4503,6.409006362038713,12,2009,5,0,0,0,0,1,0,0,0,0,0,1,1,0
6751,6.0867129644170825,7,2013,3,0,0,1,0,0,0,0,0,0,0,1,1,0
10975,8.198745731006545,11,2013,3,0,0,0,0,1,0,0,0,0,0,1,1,0
6247,7.626175298413062,0,2012,0,0,1,0,0,0,0,0,0,0,0,0,1,0
2645,5.796096299191738,16,2012,6,0,0,0,0,1,0,0,0,0,0,1,1,0
12437,9.814230290563216,16,2013,4,1,0,0,1,0,0,0,0,0,0,1,0,0
4736,6.211936559941916,3,2013,6,0,1,0,0,0,0,0,0,0,0,0,1,0
5004,2.836103382147748,10,2011,5,0,0,0,0,0,0,0,0,0,0,0,1,0
10670,6.054782240290845,16,2009,4,1,0,0,0,1,0,0,0,0,0,1,1,0
459,6.492198075773429,11,2014,6,0,0,0,0,1,0,0,0,0,0,1,1,0
1151,6.267776073694756,14,2015,1,0,0,0,0,1,0,0,0,0,0,1,1,0
2013,11.177720290954852,15,2012,0,0,0,0,1,0,0,0,0,0,0,1,0,0
1035,1.7769990856013924,2,2013,1,0,1,0,0,0,0,0,0,0,0,0,1,0
475,5.134492521300945,11,2014,6,0,0,0,0,1,0,0,0,0,0,1,1,0
9182,3.8879597296279056,0,2012,5,0,1,0,0,0,0,0,0,0,0,0,1,0
14328,5.413274638967447,17,2010,1,1,0,0,0,1,0,0,0,0,0,1,1,0
3187,10.171748503857627,0,2013,4,0,1,1,0,0,0,0,0,0,0,1,1,0
10386,12.933910333831525,6,2010,6,0,1,1,0,0,0,0,0,0,0,1,1,0
13102,13.200563185927448,13,2013,3,0,0,1,0,0,0,0,0,0,0,1,1,0
7554,6.969109609427083,18,2013,2,1,0,0,0,0,0,0,0,0,0,0,1,0
4176,6.449071797154166,18,2010,4,1,0,0,0,1,0,0,0,0,0,1,1,0
3022,3.751642109127226,7,2012,6,0,0,0,0,1,0,0,0,0,0,1,1,0
6299,5.694128755507388,18,2011,3,1,0,0,0,1,0,0,0,0,0,1,1,0
13614,6.782190179302843,2,2010,3,0,1,1,0,0,0,0,0,0,0,1,1,0
7619,6.079379251341613,11,2011,2,0,0,0,0,1,0,0,0,0,0,1,1,0
2999,12.564414086831677,7,2012,1,0,0,1,0,0,0,0,0,0,0,1,1,0
4383,3.648619883664381,16,2015,4,1,0,0,0,1,0,0,0,0,0,1,1,0
6154,6.7562261910642505,14,2012,2,0,0,0,0,1,0,0,0,0,0,1,1,0
14505,6.910561512740957,2,2010,6,0,1,0,0,1,0,0,0,0,0,1,1,0
2392,12.821195318622303,7,2011,4,0,0,1,0,0,0,0,0,0,0,1,1,0
134,8.285118091236559,1,2012,6,0,1,0,0,0,0,0,0,0,0,0,1,0
7383,11.976967943102446,23,2011,6,0,1,1,0,0,0,0,0,0,0,1,1,0
5965,1.9905483897418506,0,2012,2,0,1,1,0,0,0,0,0,0,0,1,1,0
9260,3.9155113473509657,15,2015,5,0,0,0,0,1,0,0,0,0,0,1,1,0
11740,5.753196975998838,22,2014,5,0,1,0,0,0,0,0,0,0,0,0,1,0
11557,3.5929637587206162,15,2013,0,0,0,1,0,0,0,0,0,0,0,1,1,0
11169,5.845374586615381,7,2012,6,0,0,0,0,1,0,0,0,0,0,1,1,0
6650,6.9672515264556525,13,2015,0,0,0,0,0,1,0,0,0,0,0,1,1,0
14635,4.477264929660119,6,2012,0,0,1,0,0,0,0,0,0,0,0,0,1,0
12007,12.24803709876126,19,2014,4,1,0,1,0,0,0,0,0,0,0,1,1,0
13017,12.537694300367415,4,2010,6,0,1,1,0,0,0,0,0,0,0,1,1,0
9502,0.20250938015263736,23,2013,4,0,1,1,0,0,0,0,0,0,0,1,1,0
12104,13.516325249756155,21,2014,2,0,1,1,0,0,0,0,0,0,0,1,1,0
8882,6.23541142501982,21,2009,2,0,1,0,0,0,0,0,0,0,0,0,1,0
8537,9.24033486956452,14,2012,1,0,0,0,0,1,0,0,0,0,0,1,1,0
1796,12.265918064955832,16,2012,3,1,0,1,0,0,0,0,0,0,0,1,1,0
6240,6.86519442149152,17,2009,2,1,0,0,0,1,0,0,0,0,0,1,1,0
9842,5.959917298476577,11,2015,3,0,0,0,0,1,0,0,0,0,0,1,1,0
3968,0.17829498695480875,13,2010,2,0,0,0,0,1,0,0,0,0,0,1,1,0
6489,12.498278491691398,14,2009,4,0,0,1,0,0,0,0,0,0,0,1,1,0
166,8.727416619493038,18,2013,6,0,0,0,0,1,0,0,0,0,0,1,1,0
8093,12.307166864547849,20,2012,0,1,1,1,0,0,0,0,0,0,0,1,1,0
11965,6.887560304134336,9,2012,4,0,0,0,0,1,0,0,0,0,0,1,1,0
6063,7.220611780238029,18,2014,2,1,0,0,0,1,0,0,0,0,0,1,1,0
10006,8.926823934982366,23,2015,4,0,1,0,0,0,0,0,0,0,0,0,1,0
10201,5.915688345722742,20,2013,2,1,1,0,0,0,0,0,0,0,0,0,1,0
10118,7.563116476358265,8,2011,1,0,0,0,0,1,0,0,0,0,0,1,1,0
6699,6.0971082616703995,13,2012,3,0,0,1,0,0,0,0,0,0,0,1,1,0
10849,5.596066599421917,7,2014,6,0,0,0,0,1,0,0,0,0,0,1,1,0
14340,10.202420873873116,16,2011,1,1,0,0,0,0,0,0,0,0,0,0,1,0
10682,1.839945984429026,2,2012,6,0,1,0,0,1,0,0,0,0,0,1,1,0
1207,4.924773721522336,20,2013,3,1,1,0,0,1,0,0,0,0,0,1,1,0
1431,11.879207537832288,11,2012,6,0,0,1,0,0,0,0,0,0,0,1,1,0
4299,14.396366794279372,9,2014,1,0,0,1,0,0,0,0,0,0,0,1,1,0
10839,6.047246210931426,12,2013,6,0,0,0,0,1,0,0,0,0,0,1,1,0
14755,5.924047398838756,18,2012,6,0,0,0,0,1,0,0,0,0,0,1,1,0
11148,4.7744986467463395,1,2013,5,0,1,0,0,0,0,0,0,0,0,0,1,0
9433,5.192236747042562,12,2010,1,0,0,0,0,1,0,0,0,0,0,1,1,0
10577,4.968823498613362,2,2014,4,0,1,0,0,0,0,0,0,0,0,0,1,0
4335,12.93161308924494,17,2012,6,0,0,1,0,0,0,0,0,0,0,1,1,0
4398,2.9617148576934587,0,2014,0,0,1,0,0,1,0,0,0,0,0,1,1,0
13461,5.1219150582191215,14,2013,0,0,0,0,0,1,0,0,0,0,0,1,1,0
3619,12.95503136920338,16,2010,2,1,0,1,0,0,0,0,0,0,0,1,1,0
7471,13.169034723336214,18,2011,5,0,0,1,0,0,0,0,0,0,0,1,1,0
7984,5.002725042872241,2,2012,5,0,1,0,0,0,0,0,0,0,0,0,1,0
3543,5.292447024479812,15,2009,6,0,0,0,0,0,0,0,0,0,0,0,1,0
1036,2.824001236132576,22,2014,5,0,1,0,0,0,0,0,0,0,0,0,1,0
13398,6.191637229321878,11,2009,1,0,0,0,0,1,0,0,0,0,0,1,1,0
1849,11.916344458436228,19,2011,6,0,0,1,0,0,0,0,0,0,0,1,1,0
12031,12.85674528219403,20,2010,4,1,1,1,0,0,0,0,0,0,0,1,1,0
9531,0.6790793149915495,20,2011,5,0,1,0,0,0,0,0,0,0,0,0,1,0
4093,13.428941053519392,6,2014,5,0,1,1,0,0,0,0,0,0,0,1,1,0
9826,8.882058555601153,1,2014,3,0,1,0,0,0,0,0,0,0,0,0,1,0
2172,13.3975260093178,11,2013,1,0,0,1,0,0,0,0,0,0,0,1,1,0
3157,5.8576100661999195,16,2012,3,1,0,0,0,1,0,0,0,0,0,1,1,0
14927,4.487483533092814,20,2011,4,1,1,0,0,1,0,0,0,0,0,1,1,0
2388,5.440546803722287,15,2009,6,0,0,0,0,1,0,0,0,0,0,1,1,0
2525,9.901386134633803,16,2010,4,1,0,1,0,0,0,0,0,0,0,1,1,0
5295,12.151579126786356,8,2013,3,0,0,1,0,0,0,0,0,0,0,1,1,0
6507,6.193368842051837,21,2010,1,0,1,0,0,1,0,0,0,0,0,1,1,0
10741,7.925621542220371,18,2014,5,0,0,0,0,0,0,0,0,0,0,0,1,0
6244,6.807403023079317,11,2012,4,0,0,0,0,1,0,0,0,0,0,1,1,0
8226,9.347987330412089,1,2011,5,0,1,0,0,0,0,0,0,0,0,0,1,0
5709,7.341285350414043,13,2011,6,0,0,0,0,1,0,0,0,0,0,1,1,0
12750,13.446343789826342,12,2013,2,0,0,1,0,0,0,0,0,0,0,1,1,0
3325,12.446396464256827,18,2009,3,1,0,1,0,0,0,0,0,0,0,1,1,0
256,9.307462378886171,23,2010,5,0,1,0,0,0,0,0,0,0,0,0,1,0
8996,4.0445054766289905,16,2012,3,1,0,1,0,0,0,0,0,0,0,1,1,0
10018,3.441895161021717,19,2011,1,1,0,0,0,1,0,0,0,0,0,1,1,0
8173,13.264877321610454,16,2013,5,0,0,1,0,0,0,0,0,0,0,1,1,0
7264,8.101522219195576,7,2012,3,0,0,0,0,1,0,0,0,0,0,1,1,0
2759,5.381115587544712,3,2014,6,0,1,0,0,0,0,0,0,0,0,0,1,0
10013,3.4453207959364978,13,2011,5,0,0,0,0,1,0,0,0,0,0,1,1,0
4459,3.4942657627361107,16,2011,1,1,0,0,0,1,0,0,0,0,0,1,1,0
11321,3.758708126533027,21,2010,4,0,1,0,0,1,0,0,0,0,0,1,1,0
13968,5.161499388974032,16,2014,1,1,0,0,0,1,0,0,0,0,0,1,1,0
6978,10.103905220498492,23,2010,0,0,1,1,0,0,0,0,0,0,0,1,1,0
5623,4.914728821299907,2,2014,3,0,1,0,0,0,0,0,0,0,0,0,1,0
4329,13.133583656161578,21,2009,2,0,1,1,0,0,0,0,0,0,0,1,1,0
7342,6.081089370138347,12,2013,5,0,0,0,0,1,0,0,0,0,0,1,1,0
2323,13.146111675633476,15,2013,5,0,0,1,0,0,0,0,0,0,0,1,1,0
13317,4.000717510109445,6,2012,4,0,1,0,0,1,0,0,0,0,0,1,1,0
14390,6.0225695753007304,8,2010,2,0,0,0,0,1,0,0,0,0,0,1,1,0
12767,2.14947914464609,21,2010,5,0,1,0,0,0,0,0,0,0,0,0,1,0
14200,3.7642681507409277,12,2011,0,0,0,0,0,1,0,0,0,0,0,1,1,0
8943,7.208998836751588,4,2014,4,0,1,0,0,1,0,0,0,0,0,1,1,0
4137,3.9257326266260444,1,2015,6,0,1,0,0,0,0,0,0,0,0,0,1,0
4531,6.523026746157822,10,2013,2,0,0,0,0,1,0,0,0,0,0,1,1,0
4477,12.203018356061738,17,2012,1,1,0,1,0,0,0,0,0,0,0,1,1,0
5119,5.76433486476666,13,2010,2,0,0,0,0,1,0,0,0,0,0,1,1,0
4708,4.750757758116459,12,2013,1,0,0,0,0,0,0,0,0,0,0,0,1,0
14523,13.263961100403305,15,2010,4,0,0,1,0,0,0,0,0,0,0,1,1,0
801,8.738036818250599,20,2010,1,1,1,0,0,0,0,0,0,0,0,0,1,0
204,11.175159432736931,16,2011,0,1,0,0,0,0,0,0,0,0,0,0,1,0
4534,4.602777671098016,14,2010,4,0,0,0,0,1,0,0,0,0,0,1,1,0
4323,3.552372584818788,18,2012,6,0,0,0,0,1,0,0,0,0,0,1,1,0
5592,7.088844289300929,16,2011,0,1,0,0,0,1,0,0,0,0,0,1,1,0
9705,5.771206849887545,2,2010,5,0,1,0,0,0,0,0,0,0,0,0,1,0
7606,7.8570722344024695,23,2010,5,0,1,0,0,0,0,0,0,0,0,0,1,0
8090,6.64047751496561,16,2010,4,1,0,0,0,0,0,0,0,0,0,0,1,0
1272,2.7692398993876672,0,2013,1,0,1,0,0,1,0,0,0,0,0,1,1,0
4960,5.430655390558618,21,2014,6,0,1,0,0,1,0,0,0,0,0,1,1,0
12772,6.169417447156103,22,2013,1,0,1,0,0,1,0,0,0,0,0,1,1,0
6251,2.963173505460461,0,2013,5,0,1,0,0,0,0,0,0,0,0,0,1,0
86,3.183965161680305,8,2011,2,0,0,0,0,0,0,0,0,0,0,0,1,0
14090,11.516587037621136,7,2015,0,0,0,0,0,0,0,0,0,0,0,0,1,0
14314,5.5339643369534945,5,2012,0,0,1,0,0,1,0,0,0,0,0,1,1,0
12044,8.912447950396208,18,2011,1,1,0,0,0,1,0,0,0,0,0,1,1,0
12073,9.384305591072062,12,2014,1,0,0,1,0,1,0,0,0,0,0,1,1,0
9991,8.76651405086718,20,2015,2,1,1,0,0,0,0,0,0,0,0,0,1,0
2938,8.44544097199411,3,2014,5,0,1,0,0,0,0,0,0,0,0,0,1,0
13047,4.181315783220568,1,2012,6,0,1,0,0,0,0,0,0,0,0,0,1,0
1014,4.236046073496739,11,2013,3,0,0,0,0,1,0,0,0,0,0,1,1,0
5566,6.117809785180633,16,2014,2,1,0,0,0,1,0,0,0,0,0,1,1,0
6163,5.407795416391957,15,2014,1,0,0,0,0,1,0,0,0,0,0,1,1,0
56,5.98651036906882,18,2010,0,1,0,0,0,1,0,0,0,0,0,1,1,0
13598,14.314764283621004,5,2013,3,0,1,1,0,0,0,0,0,0,0,1,1,0
3302,5.981916983088298,23,2014,4,0,1,0,0,1,0,0,0,0,0,1,1,0
7716,11.44688439598878,14,2010,0,0,0,0,1,0,0,0,0,0,0,1,0,0
12047,12.760667743321317,14,2011,3,0,0,1,0,0,0,0,0,0,0,1,1,0
11686,12.757689074959886,15,2009,0,0,0,1,0,0,0,0,0,0,0,1,1,0
6712,6.07403123867332,0,2010,0,0,1,0,0,0,0,0,0,0,0,0,1,0
4446,3.533235445726167,3,2010,6,0,1,0,0,0,0,0,0,0,0,0,1,0
14603,8.628188940561675,16,2009,3,1,0,0,0,1,0,0,0,0,0,1,1,0
1018,4.35158640608614,15,2014,6,0,0,0,0,0,0,0,0,0,0,0,1,0
1619,12.46382507079057,6,2009,6,0,1,1,0,0,0,0,0,0,0,1,1,0
13436,4.812389675508224,11,2015,3,0,0,0,0,1,0,0,0,0,0,1,1,0
13485,5.6750390952373255,1,2014,3,0,1,0,0,1,0,0,0,0,0,1,1,0
13622,9.53544195561912,22,2015,1,0,1,0,0,1,0,0,0,0,0,1,1,0
123,6.038263719953991,19,2012,6,0,0,0,0,1,0,0,0,0,0,1,1,0
13920,7.47836413334772,22,2012,5,0,1,0,0,1,0,0,0,0,0,1,1,0
10222,10.745651607168123,23,2011,3,0,1,1,0,0,0,0,0,0,0,1,1,0
10184,13.123822473989396,23,2015,2,0,1,1,0,0,0,0,0,0,0,1,1,0
13089,12.539934712623985,15,2015,2,0,0,1,0,0,0,0,0,0,0,1,1,0
11678,6.74680449100957,8,2009,1,0,0,0,0,1,0,0,0,0,0,1,1,0
178,2.8468087761623426,4,2013,4,0,1,0,0,0,0,0,0,0,0,0,1,0
8396,4.590994642758684,23,2011,4,0,1,0,0,1,0,0,0,0,0,1,1,0
11604,3.671355497437835,1,2011,5,0,1,0,0,0,0,0,0,0,0,0,1,0
3630,6.193329749465786,23,2014,4,0,1,0,0,1,0,0,0,0,0,1,1,0
9028,5.7646314376562175,12,2014,0,0,0,0,0,1,0,0,0,0,0,1,1,0
758,8.154205236071398,22,2009,4,0,1,0,0,0,0,0,0,0,0,0,1,0
5663,62.817284567287786,7,2009,2,0,0,0,0,0,1,0,0,0,0,0,0,1
14334,5.256896486898364,20,2015,0,1,1,0,0,0,0,0,0,0,0,0,1,0
736,5.821565270561395,15,2012,4,0,0,0,0,1,0,0,0,0,0,1,1,0
5761,0.861786403241981,11,2013,5,0,0,0,0,0,0,0,0,0,0,0,1,0
5543,7.839296795560572,10,2014,3,0,0,0,0,1,0,0,0,0,0,1,1,0
1137,6.081956643012703,6,2013,3,0,1,0,0,1,0,0,0,0,0,1,1,0
14902,6.254107436201005,13,2010,2,0,0,0,0,1,0,0,0,0,0,1,1,0
5180,4.085814039540327,7,2013,4,0,0,0,0,1,0,0,0,0,0,1,1,0
1684,61.995185816654825,19,2009,5,0,0,0,0,0,1,0,0,0,0,0,0,1
12299,7.7406038617402695,17,2015,3,1,0,0,0,1,0,0,0,0,0,1,1,0
5958,6.035485890712525,16,2009,6,0,0,0,0,1,0,0,0,0,0,1,1,0
12490,7.448428450288028,14,2013,1,0,0,0,0,1,0,0,0,0,0,1,1,0
6211,8.822574618041198,7,2012,5,0,0,0,1,0,0,0,0,0,0,1,0,0
1979,12.257705591086538,21,2014,0,0,1,1,0,0,0,0,0,0,0,1,1,0
10539,5.030308716952866,7,2011,3,0,0,0,0,1,0,0,0,0,0,1,1,0
11788,10.976431516015825,0,2011,0,0,1,1,0,0,0,0,0,0,0,1,1,0
1832,1.2940582833577166,23,2015,6,0,1,0,0,0,0,0,0,0,0,0,1,0
12064,5.505459060576,7,2014,5,0,0,0,0,1,0,0,0,0,0,1,1,0
2270,6.163853055082603,21,2013,1,0,1,0,0,1,0,0,0,0,0,1,1,0
13574,2.94945320411,2,2010,6,0,1,0,0,0,0,0,0,0,0,0,1,0
5113,6.424810991278315,23,2014,3,0,1,0,0,0,0,0,0,0,0,0,1,0
13360,5.653409608940568,22,2012,4,0,1,0,0,0,0,0,0,0,0,0,1,0
3075,60.88511169003755,10,2009,1,0,0,0,0,0,1,0,0,0,0,0,0,1
10522,1.8133204485036276,21,2014,6,0,1,0,0,0,0,0,0,0,0,0,1,0
2344,8.333900542035966,2,2015,5,0,1,0,0,0,0,0,0,0,0,0,1,0
13024,6.930307672576197,6,2011,6,0,1,0,0,0,0,0,0,0,0,0,1,0
8529,6.418317287865996,18,2009,3,1,0,0,0,1,0,0,0,0,0,1,1,0
6971,13.387760920309335,8,2014,5,0,0,0,0,0,0,0,0,0,0,0,1,0
14718,4.84869207615877,16,2013,2,1,0,0,0,1,0,0,0,0,0,1,1,0
12356,4.2544326629604745,3,2011,6,0,1,0,0,0,0,0,0,0,0,0,1,0
8583,11.385370407621322,16,2015,4,1,0,0,0,0,0,0,0,0,0,0,1,0
4099,5.843400448124966,10,2009,5,0,0,0,0,1,0,0,0,0,0,1,1,0
11248,3.8759795214626545,12,2014,0,0,0,0,0,1,0,0,0,0,0,1,1,0
7029,2.7836585846641175,7,2011,0,0,0,0,0,1,0,0,0,0,0,1,1,0
704,6.077761007955226,12,2014,3,0,0,0,0,1,0,0,0,0,0,1,1,0
10211,12.349257700453554,6,2011,0,0,1,1,0,0,0,0,0,0,0,1,1,0
8570,4.324254082473405,7,2011,1,0,0,0,0,1,0,0,0,0,0,1,1,0
12354,6.483554782939356,16,2009,4,1,0,0,0,1,0,0,0,0,0,1,1,0
13460,5.654427898336283,22,2013,5,0,1,0,0,0,0,0,0,0,0,0,1,0
3551,6.657747883251697,4,2009,5,0,1,0,0,0,0,0,0,0,0,0,1,0
3290,10.33317363723829,0,2015,6,0,1,0,0,0,0,0,0,0,0,0,1,0
5040,6.401273227668192,17,2012,3,1,0,0,0,1,0,0,0,0,0,1,1,0
5715,5.874001198116391,14,2010,4,0,0,0,0,1,0,0,0,0,0,1,1,0
10460,2.9919028722888332,14,2015,1,0,0,0,0,0,0,0,0,0,0,0,1,0
14762,3.9012371185179453,22,2011,0,0,1,0,0,0,0,0,0,0,0,0,1,0
8106,3.6767362469596367,23,2009,1,0,1,0,0,1,0,0,0,0,0,1,1,0
6582,7.446816618447401,16,2010,5,0,0,0,0,1,0,0,0,0,0,1,1,0
4605,6.051489939069189,9,2011,4,0,0,0,0,1,0,0,0,0,0,1,1,0
11146,14.279577262759714,5,2015,0,0,1,1,0,0,0,0,0,0,0,1,1,0
14516,6.599146381082904,20,2014,6,0,1,0,0,1,0,0,0,0,0,1,1,0
4710,5.481886723416913,13,2012,0,0,0,0,0,1,0,0,0,0,0,1,1,0
10884,3.162418870466897,4,2010,6,0,1,0,0,0,0,0,0,0,0,0,1,0
5191,3.419370439989041,22,2013,6,0,1,0,0,1,0,0,0,0,0,1,1,0
7102,12.077029649724285,7,2014,6,0,0,1,0,0,0,0,0,0,0,1,1,0
9854,13.043796670273887,12,2013,0,0,0,1,0,0,0,0,0,0,0,1,1,0
4136,2.6647430497450775,22,2014,0,0,1,0,0,1,0,0,0,0,0,1,1,0
13127,6.889663688591983,6,2012,0,0,1,0,0,1,0,0,0,0,0,1,1,0
13773,1.7176506021735005,19,2013,2,1,0,0,0,1,0,0,0,0,0,1,1,0
14288,7.649824003217328,15,2013,5,0,0,0,0,0,0,0,0,0,0,0,1,0
7439,5.27855873508866,6,2010,0,0,1,0,0,1,0,0,0,0,0,1,1,0
9569,2.2023646446463108,15,2015,6,0,0,0,0,0,0,0,0,0,0,0,1,0
12576,1.6991174420487916,3,2015,4,0,1,0,0,1,0,0,0,0,0,1,1,0
9891,4.1170676883413515,3,2013,2,0,1,0,0,0,0,0,0,0,0,0,1,0
11325,6.17712098768415,16,2010,2,1,0,0,0,1,0,0,0,0,0,1,1,0
10231,8.9905150083021,10,2009,4,0,0,0,1,0,0,0,0,0,0,1,0,0
13267,5.195144558640569,17,2013,1,1,0,0,0,1,0,0,0,0,0,1,1,0
2122,8.95811465277913,12,2009,1,0,0,0,0,1,0,0,0,0,0,1,1,0
13923,5.376761713449949,2,2013,3,0,1,0,0,0,0,0,0,0,0,0,1,0
11150,13.873622125553744,13,2014,5,0,0,1,0,0,0,0,0,0,0,1,1,0
14524,5.643720246652438,11,2012,0,0,0,0,0,1,0,0,0,0,0,1,1,0
12441,7.553632235595582,22,2012,4,0,1,0,0,1,0,0,0,0,0,1,1,0
11743,9.890457516283663,13,2012,1,0,0,0,1,0,0,0,0,0,0,1,0,0
9808,58.362662063858,23,2009,3,0,1,0,0,0,1,0,0,0,0,0,0,1
13151,10.804602313206145,21,2010,1,0,1,1,0,0,0,0,0,0,0,1,1,0
1458,4.766128872380985,1,2012,4,0,1,0,0,0,0,0,0,0,0,0,1,0
12998,9.61429865794839,13,2009,0,0,0,1,0,0,0,0,0,0,0,1,1,0
4958,0.1713607101218727,11,2010,2,0,0,1,0,0,0,0,0,0,0,1,1,0
8958,9.518315273033537,21,2011,1,0,1,0,0,1,0,0,0,0,0,1,1,0
3856,8.243150873293171,18,2012,6,0,0,1,0,1,0,0,0,0,0,1,1,0
4619,12.883906158931971,12,2012,6,0,0,1,0,0,0,0,0,0,0,1,1,0
3230,6.793580513485795,19,2013,4,1,0,0,0,1,0,0,0,0,0,1,1,0
198,6.623516076544995,0,2012,6,0,1,0,0,1,0,0,0,0,0,1,1,0
4939,5.489084430394401,3,2012,5,0,1,0,0,0,0,0,0,0,0,0,1,0
3459,6.565767490998662,8,2012,4,0,0,0,0,1,0,0,0,0,0,1,1,0
14955,7.91647297053479,10,2009,3,0,0,0,0,1,0,0,0,0,0,1,1,0
3857,4.372075327078863,16,2009,4,1,0,0,0,1,0,0,0,0,0,1,1,0
9541,8.63741051640475,14,2012,6,0,0,0,0,1,0,0,0,0,0,1,1,0
3692,5.421465759290713,4,2013,6,0,1,0,0,0,0,0,0,0,0,0,1,0
10647,12.954119104333323,6,2010,5,0,1,1,0,0,0,0,0,0,0,1,1,0
4487,59.55969433155986,7,2009,2,0,0,0,0,0,1,0,0,0,0,0,0,1
14534,12.37350274214808,8,2012,5,0,0,1,0,0,0,0,0,0,0,1,1,0
8105,15.342204289255909,2,2014,4,0,1,0,0,0,0,0,0,0,0,0,1,0
8532,6.668649622884361,1,2012,3,0,1,0,0,1,0,0,0,0,0,1,1,0
11864,3.540773352930957,1,2011,1,0,1,0,0,0,0,0,0,0,0,0,1,0
6239,13.27621312970583,6,2010,0,0,1,1,0,0,0,0,0,0,0,1,1,0
13795,5.364902836457275,10,2013,5,0,0,1,0,0,0,0,0,0,0,1,1,0
11328,13.175614878734061,13,2013,2,0,0,1,0,0,0,0,0,0,0,1,1,0
12364,13.263219704589869,18,2014,4,1,0,1,0,0,0,0,0,0,0,1,1,0
13703,3.7711614951573074,22,2010,0,0,1,0,0,0,0,0,0,0,0,0,1,0
6785,3.893636194015492,15,2012,3,0,0,0,0,1,0,0,0,0,0,1,1,0
10388,3.4442563231530543,16,2012,1,1,0,0,0,0,0,0,0,0,0,0,1,0
7026,12.468871814003004,18,2013,4,1,0,1,0,0,0,0,0,0,0,1,1,0
14312,6.0579733889707414,18,2015,4,1,0,0,0,1,0,0,0,0,0,1,1,0
8527,5.816635538387236,23,2014,6,0,1,0,0,1,0,0,0,0,0,1,1,0
4674,8.863211320748439,12,2012,2,0,0,0,0,1,0,0,0,0,0,1,1,0
7965,5.946598086133666,13,2009,4,0,0,0,0,1,0,0,0,0,0,1,1,0
4781,13.259420086154613,10,2011,0,0,0,1,0,0,0,0,0,0,0,1,1,0
14122,6.969685059021453,6,2013,2,0,1,0,0,1,0,0,0,0,0,1,1,0
9316,6.479118879925118,9,2011,0,0,0,0,0,1,0,0,0,0,0,1,1,0
1645,8.098730089165057,21,2013,6,0,1,1,0,0,0,0,0,0,0,1,1,0
12717,9.094645096489039,13,2011,3,0,0,0,0,0,0,0,0,0,0,0,1,0
2454,8.072881618793692,21,2009,4,0,1,0,0,0,0,0,0,0,0,0,1,0
6921,0.6510143582599008,17,2011,2,1,0,0,0,0,0,0,0,0,0,0,1,0
14457,0.884916120995976,2,2013,6,0,1,0,0,0,0,0,0,0,0,0,1,0
11779,5.8593250460894195,19,2010,0,1,0,0,0,1,0,0,0,0,0,1,1,0
251,2.678588620924985,21,2010,4,0,1,1,0,0,0,0,0,0,0,1,1,0
6295,3.173052762132693,18,2010,2,1,0,0,0,0,0,0,0,0,0,0,1,0
13707,2.4661379104875274,23,2013,5,0,1,0,0,0,0,0,0,0,0,0,1,0
10769,9.804704675828543,13,2014,0,0,0,1,0,1,0,0,0,0,0,1,1,0
13451,11.854403708700547,5,2012,0,0,1,1,0,0,0,0,0,0,0,1,1,0
10398,6.476253872517689,9,2014,1,0,0,0,0,1,0,0,0,0,0,1,1,0
11993,2.74229130356475,10,2011,4,0,0,0,0,0,0,0,0,0,0,0,1,0
8145,2.530387302257968,13,2013,4,0,0,0,0,1,0,0,0,0,0,1,1,0
11665,11.387336472011429,5,2013,0,0,1,1,0,0,0,0,0,0,0,1,1,0
6245,0.6198028654538478,12,2013,4,0,0,0,0,0,0,0,0,0,0,0,1,0
6972,11.841791208097414,6,2010,0,0,1,0,1,0,0,0,0,0,0,1,0,0
8313,13.043622700749115,14,2014,4,0,0,1,0,0,0,0,0,0,0,1,1,0
1445,7.7322645606690905,16,2012,1,1,0,0,0,1,0,0,0,0,0,1,1,0
7804,7.803199707251074,22,2013,3,0,1,0,0,0,0,0,0,0,0,0,1,0
318,0.16014456792998602,19,2014,0,1,0,0,0,0,0,0,0,0,0,0,1,0
2635,8.461744787661056,18,2010,1,1,0,1,0,0,0,0,0,0,0,1,1,0
995,5.052908728611149,7,2011,5,0,0,0,0,1,0,0,0,0,0,1,1,0
10568,6.264899176269127,17,2012,4,1,0,0,0,1,0,0,0,0,0,1,1,0
10306,13.006195635489624,5,2012,3,0,1,1,0,0,0,0,0,0,0,1,1,0
8083,5.431260062324929,18,2011,3,1,0,0,0,1,0,0,0,0,0,1,1,0
7794,8.434880179738801,3,2010,6,0,1,0,0,0,0,0,0,0,0,0,1,0
1427,6.978425311309093,15,2014,5,0,0,0,0,1,0,0,0,0,0,1,1,0
11309,3.768056284045411,21,2011,0,0,1,0,0,0,0,0,0,0,0,0,1,0
4013,11.904183591925236,14,2009,2,0,0,0,1,0,0,0,0,0,0,1,0,0
12442,1.8780991770100948,8,2012,1,0,0,0,0,1,0,0,0,0,0,1,1,0
4789,11.389229211665972,0,2009,3,0,1,0,0,0,0,0,0,0,0,0,1,0
10286,3.2637710376229063,21,2013,1,0,1,0,0,1,0,0,0,0,0,1,1,0
7399,9.474787001271547,22,2013,6,0,1,1,0,0,0,0,0,0,0,1,1,0
13996,1.936772282181168,20,2009,4,1,1,0,0,0,0,0,0,0,0,0,1,0
1022,11.597693663572167,19,2009,5,0,0,0,0,0,0,0,0,0,0,0,1,0
13543,7.291747984148822,7,2013,4,0,0,0,0,1,0,0,0,0,0,1,1,0
3015,4.307869846401553,0,2014,5,0,1,0,0,0,0,0,0,0,0,0,1,0
13296,5.948286930093961,19,2015,6,0,0,0,0,0,0,0,0,0,0,0,1,0
8893,6.165205956434959,8,2015,0,0,0,0,0,1,0,0,0,0,0,1,1,0
3668,5.065326001956434,22,2015,6,0,1,0,0,0,0,0,0,0,0,0,1,0
7343,5.3399908738457,7,2013,5,0,0,0,0,1,0,0,0,0,0,1,1,0
5661,12.724496720662888,15,2012,5,0,0,1,0,0,0,0,0,0,0,1,1,0
1493,7.7001246349651264,14,2011,4,0,0,1,0,0,0,0,0,0,0,1,1,0
11595,12.931553638728674,8,2012,5,0,0,1,0,0,0,0,0,0,0,1,1,0
552,13.071186516082248,5,2012,2,0,1,1,0,0,0,0,0,0,0,1,1,0
3773,3.9143957470060755,20,2009,0,1,1,0,0,0,0,0,0,0,0,0,1,0
6835,5.619919005960338,18,2014,1,1,0,1,0,0,0,0,0,0,0,1,1,0
4472,5.000065006141844,4,2010,5,0,1,0,0,1,0,0,0,0,0,1,1,0
10428,7.960106401281076,16,2014,5,0,0,0,0,1,0,0,0,0,0,1,1,0
5638,9.347992218372093,13,2013,5,0,0,0,0,1,0,0,0,0,0,1,1,0
6521,12.87745672963699,12,2014,2,0,0,1,0,0,0,0,0,0,0,1,1,0
2445,5.043711491782804,5,2009,0,0,1,0,0,1,0,0,0,0,0,1,1,0
3927,11.820825521184778,11,2013,2,0,0,1,0,0,0,0,0,0,0,1,1,0
5431,6.600186792167007,15,2014,2,0,0,0,0,0,0,0,0,0,0,0,1,0
8736,7.141964954555139,17,2010,3,1,0,0,0,0,0,0,0,0,0,0,1,0
10050,3.404075656630732,3,2012,6,0,1,0,0,0,0,0,0,0,0,0,1,0
8165,7.757075901818814,22,2014,6,0,1,0,0,1,0,0,0,0,0,1,1,0
798,12.129461730972908,15,2012,6,0,0,1,0,0,0,0,0,0,0,1,1,0
9967,8.687565558917647,18,2012,3,1,0,0,0,1,0,0,0,0,0,1,1,0
812,6.110733257812437,18,2013,4,1,0,0,0,1,0,0,0,0,0,1,1,0
12056,5.299821124193315,16,2010,0,1,0,0,0,1,0,0,0,0,0,1,1,0
4974,8.069719196646753,15,2013,2,0,0,0,0,1,0,0,0,0,0,1,1,0
11285,7.855982613479754,3,2009,0,0,1,0,0,0,0,0,0,0,0,0,1,0
13506,9.802933707518166,22,2009,4,0,1,1,0,0,0,0,0,0,0,1,1,0
12803,4.7914698174222305,13,2014,2,0,0,0,0,1,0,0,0,0,0,1,1,0
12723,1.596004515869577,0,2012,2,0,1,0,0,0,0,0,0,0,0,0,1,0
4144,1.496614265064482,7,2009,4,0,0,0,0,0,0,0,0,0,0,0,1,0
2581,8.696815890281776,10,2010,0,0,0,0,0,1,0,0,0,0,0,1,1,0
6431,10.30424717248588,6,2013,0,0,1,0,0,0,0,0,0,0,0,0,1,0
449,12.884593987294993,13,2012,4,0,0,1,0,0,0,0,0,0,0,1,1,0
9669,13.208642731752827,7,2013,2,0,0,1,0,0,0,0,0,0,0,1,1,0
774,8.053971363009428,19,2012,3,1,0,0,0,1,0,0,0,0,0,1,1,0
13443,3.0584836005862095,23,2012,5,0,1,0,0,0,0,0,0,0,0,0,1,0
4648,13.958756853333115,20,2014,3,1,1,1,0,0,0,0,0,0,0,1,1,0
639,4.710218359838833,17,2011,2,1,0,0,0,1,0,0,0,0,0,1,1,0
10882,0.8352838575978294,2,2012,3,0,1,0,0,1,0,0,0,0,0,1,1,0
13962,11.528531817107826,14,2012,1,0,0,0,1,0,0,0,0,0,0,1,0,0
993,3.545318930832661,14,2015,4,0,0,1,0,0,0,0,0,0,0,1,1,0
4268,14.413748801945047,21,2009,3,0,1,1,0,0,0,0,0,0,0,1,1,0
4011,10.661558717054527,16,2009,3,1,0,0,1,0,0,0,0,0,0,1,0,0
670,4.9583206692035295,2,2012,6,0,1,0,0,0,0,0,0,0,0,0,1,0
3787,6.054799353629691,6,2015,1,0,1,0,0,1,0,0,0,0,0,1,1,0
13804,14.339548834652724,7,2014,5,0,0,1,0,0,0,0,0,0,0,1,1,0
4081,2.7704530925187965,2,2009,6,0,1,0,0,1,0,0,0,0,0,1,1,0
3107,6.873742195657296,14,2012,4,0,0,0,0,1,0,0,0,0,0,1,1,0
9778,5.9027432935151785,6,2014,4,0,1,0,0,0,0,0,0,0,0,0,1,0
9231,6.926817072908365,17,2013,1,1,0,0,0,1,0,0,0,0,0,1,1,0
4677,5.543707480298075,4,2010,0,0,1,0,0,1,0,0,0,0,0,1,1,0
9002,13.042358363318705,13,2009,3,0,0,1,0,0,0,0,0,0,0,1,1,0
4693,8.576232275580244,19,2013,3,1,0,0,0,1,0,0,0,0,0,1,1,0
0,0.6404870231407276,17,2009,0,1,0,0,0,0,0,0,0,0,0,0,1,0
927,12.96778657452343,9,2014,6,0,0,1,0,0,0,0,0,0,0,1,1,0
10370,4.217117109191578,14,2014,1,0,0,0,0,1,0,0,0,0,0,1,1,0
437,12.758340232707429,23,2014,0,0,1,1,0,0,0,0,0,0,0,1,1,0
11463,0.39064310722885065,20,2012,5,0,1,0,0,0,0,0,0,0,0,0,1,0
4039,9.580840975512462,20,2015,6,0,1,0,0,1,0,0,0,0,0,1,1,0
12942,6.332545791212476,10,2012,1,0,0,1,0,0,0,0,0,0,0,1,1,0
3368,12.249036279791754,13,2014,1,0,0,1,0,0,0,0,0,0,0,1,1,0
5399,5.535712985579683,21,2009,1,0,1,1,0,0,0,0,0,0,0,1,1,0
2135,7.428325949149643,3,2014,5,0,1,0,0,0,0,0,0,0,0,0,1,0
5341,13.272591730007898,21,2014,3,0,1,1,0,0,0,0,0,0,0,1,1,0
11167,3.830618993526718,19,2013,5,0,0,0,0,0,0,0,0,0,0,0,1,0
8840,4.583625423451314,10,2009,6,0,0,0,0,0,0,0,0,0,0,0,1,0
14509,6.377703471113079,19,2012,6,0,0,0,0,1,0,0,0,0,0,1,1,0
13912,5.266092884223274,22,2010,2,0,1,0,0,1,0,0,0,0,0,1,1,0
11300,9.777167754069247,2,2014,6,0,1,0,0,0,0,0,0,0,0,0,1,0
3385,9.759502383380006,13,2014,4,0,0,1,0,1,0,0,0,0,0,1,1,0
13706,8.750267137379739,15,2012,0,0,0,0,0,1,0,0,0,0,0,1,1,0
13673,5.538726643724162,4,2011,4,0,1,0,0,1,0,0,0,0,0,1,1,0
1282,12.544446720127853,7,2011,2,0,0,1,0,0,0,0,0,0,0,1,1,0
4900,1.5425669527639232,14,2012,2,0,0,1,0,0,0,0,0,0,0,1,1,0
1568,5.423395374977441,13,2011,0,0,0,0,0,1,0,0,0,0,0,1,1,0
9127,5.976138990993378,16,2014,0,1,0,0,0,1,0,0,0,0,0,1,1,0
3499,7.911318874194696,1,2009,4,0,1,0,0,0,0,0,0,0,0,0,1,0
5594,7.146859054722349,1,2014,5,0,1,0,0,1,0,0,0,0,0,1,1,0
2363,11.090848711632674,5,2011,2,0,1,1,0,0,0,0,0,0,0,1,1,0
7531,14.117147807691332,7,2014,1,0,0,1,0,0,0,0,0,0,0,1,1,0
5015,13.375003908737787,22,2013,6,0,1,1,0,0,0,0,0,0,0,1,1,0
1764,11.95749541444349,7,2013,5,0,0,1,0,0,0,0,0,0,0,1,1,0
8876,8.227633075295001,8,2009,1,0,0,0,0,1,0,0,0,0,0,1,1,0
13990,3.8738355831369984,9,2014,2,0,0,0,0,1,0,0,0,0,0,1,1,0
12930,3.819189278430085,9,2010,1,0,0,0,0,0,0,0,0,0,0,0,1,0
3985,5.510192277639333,12,2011,6,0,0,0,0,1,0,0,0,0,0,1,1,0
3379,7.01325176687996,6,2013,3,0,1,0,0,1,0,0,0,0,0,1,1,0
7007,4.211946509431903,23,2009,4,0,1,0,0,0,0,0,0,0,0,0,1,0
1220,13.826178443138573,5,2012,0,0,1,1,0,0,0,0,0,0,0,1,1,0
2567,7.607783445349542,16,2009,2,1,0,0,0,1,0,0,0,0,0,1,1,0
12979,9.933872181681597,17,2012,1,1,0,0,0,0,0,0,0,0,0,0,1,0
14663,4.783026706826747,6,2013,0,0,1,0,0,1,0,0,0,0,0,1,1,0
5670,6.458982045429397,13,2012,4,0,0,0,0,1,0,0,0,0,0,1,1,0
10459,4.677304961090167,23,2014,3,0,1,0,0,1,0,0,0,0,0,1,1,0
7676,6.434686870197565,11,2010,2,0,0,0,0,1,0,0,0,0,0,1,1,0
1912,3.171399002612351,2,2011,6,0,1,0,0,0,0,0,0,0,0,0,1,0
1623,10.667046536425456,21,2009,6,0,1,0,0,0,0,0,0,0,0,0,1,0
14335,13.34859416036673,21,2014,1,0,1,1,0,0,0,0,0,0,0,1,1,0
12341,12.001167824813791,16,2009,2,1,0,1,0,0,0,0,0,0,0,1,1,0
8005,1.424728650495406,22,2014,3,0,1,0,0,0,0,0,0,0,0,0,1,0
9890,5.468647617721835,16,2014,5,0,0,0,0,1,0,0,0,0,0,1,1,0
9769,8.695036510604533,20,2014,3,1,1,0,0,1,0,0,0,0,0,1,1,0
344,6.444711737036053,14,2010,2,0,0,0,0,1,0,0,0,0,0,1,1,0
220,5.871699782907611,7,2012,4,0,0,0,0,1,0,0,0,0,0,1,1,0
12259,5.784095340414888,8,2014,5,0,0,0,0,1,0,0,0,0,0,1,1,0
1091,8.162809826400506,20,2010,0,1,1,1,0,0,0,0,0,0,0,1,1,0
8502,13.326770914981804,16,2011,5,0,0,1,0,0,0,0,0,0,0,1,1,0
12075,6.504571603453211,15,2011,5,0,0,0,0,1,0,0,0,0,0,1,1,0
8735,7.502085635108118,19,2014,1,1,0,0,0,1,0,0,0,0,0,1,1,0
7703,12.432604035260871,16,2015,4,1,0,1,0,0,0,0,0,0,0,1,1,0
3748,5.620586231330539,20,2010,2,1,1,0,0,0,0,0,0,0,0,0,1,0
14881,6.227188008462852,17,2012,5,0,0,0,0,1,0,0,0,0,0,1,1,0
6095,6.431625213128156,22,2015,6,0,1,0,0,0,0,0,0,0,0,0,1,0
13070,13.415974946066662,11,2014,3,0,0,1,0,0,0,0,0,0,0,1,1,0
5829,5.683764774926626,15,2011,4,0,0,0,0,1,0,0,0,0,0,1,1,0
4747,4.310035587218629,20,2010,6,0,1,0,0,0,0,0,0,0,0,0,1,0
7083,4.294523978607711,23,2013,3,0,1,0,0,0,0,0,0,0,0,0,1,0
12901,4.639989650825521,0,2013,0,0,1,0,0,0,0,0,0,0,0,0,1,0
7734,13.378955745690291,20,2010,0,1,1,1,0,0,0,0,0,0,0,1,1,0
5868,7.284721619303769,23,2010,2,0,1,0,0,1,0,0,0,0,0,1,1,0
12454,13.028789479294971,13,2014,3,0,0,1,0,0,0,0,0,0,0,1,1,0
6668,10.57131237378574,5,2014,1,0,1,0,1,0,0,0,0,0,0,1,0,0
2923,5.654975521052611,11,2009,4,0,0,0,0,1,0,0,0,0,0,1,1,0
4499,6.322618889644042,11,2013,1,0,0,0,0,0,0,0,0,0,0,0,1,0
13010,12.751467470978207,10,2011,1,0,0,1,0,0,0,0,0,0,0,1,1,0
1930,5.7713576517660305,15,2010,2,0,0,0,0,1,0,0,0,0,0,1,1,0
5372,0.06256439285193546,4,2010,5,0,1,0,0,0,0,0,0,0,0,0,1,0
13515,0.08369961230556514,14,2010,2,0,0,0,0,0,0,0,0,0,0,0,1,0
12041,12.671167978469487,16,2009,0,1,0,1,0,0,0,0,0,0,0,1,1,0
2283,10.495778665425453,23,2013,1,0,1,1,0,0,0,0,0,0,0,1,1,0
9731,5.7570627160367795,8,2009,4,0,0,0,0,1,0,0,0,0,0,1,1,0
8160,9.928381327514874,21,2012,3,0,1,1,0,0,0,0,0,0,0,1,1,0
4139,4.231415983065632,7,2011,6,0,0,0,0,0,0,0,0,0,0,0,1,0
6930,5.8584621628164175,12,2013,5,0,0,0,0,0,0,0,0,0,0,0,1,0
8793,12.649934092475712,13,2009,2,0,0,1,0,0,0,0,0,0,0,1,1,0
12103,5.618517629680851,12,2014,2,0,0,0,0,1,0,0,0,0,0,1,1,0
10268,5.140648451818504,0,2014,6,0,1,0,0,1,0,0,0,0,0,1,1,0
3901,1.2967456980084562,9,2010,1,0,0,0,0,0,0,0,0,0,0,0,1,0
3058,8.704333788235425,18,2012,3,1,0,1,0,0,0,0,0,0,0,1,1,0
9691,7.1262634470779265,13,2009,4,0,0,0,0,1,0,0,0,0,0,1,1,0
315,5.74137693895503,12,2015,3,0,0,0,0,1,0,0,0,0,0,1,1,0
10729,6.434684045349554,10,2015,1,0,0,0,0,1,0,0,0,0,0,1,1,0
1607,11.894632617232299,14,2011,2,0,0,1,0,0,0,0,0,0,0,1,1,0
10898,10.215092040814298,16,2010,4,1,0,1,0,0,0,0,0,0,0,1,1,0
4654,8.319929614243165,3,2011,6,0,1,0,0,0,0,0,0,0,0,0,1,0
1299,6.573869166415328,21,2014,2,0,1,0,0,1,0,0,0,0,0,1,1,0
11636,7.908595472556301,23,2013,2,0,1,0,0,0,0,0,0,0,0,0,1,0
3613,2.475296995279556,18,2011,1,1,0,0,0,0,0,0,0,0,0,0,1,0
11184,1.2199254206741872,2,2014,0,0,1,0,0,1,0,0,0,0,0,1,1,0
11074,4.762048110083434,10,2013,4,0,0,0,0,1,0,0,0,0,0,1,1,0
9018,5.325855069126484,5,2013,6,0,1,0,0,1,0,0,0,0,0,1,1,0
2366,7.8468255965359415,1,2013,4,0,1,0,0,0,0,0,0,0,0,0,1,0
1404,9.07551198507401,21,2013,3,0,1,0,0,0,0,0,0,0,0,0,1,0
7368,9.543746736408448,16,2014,0,1,0,1,0,0,0,0,0,0,0,1,1,0
7171,13.149105763375335,0,2015,3,0,1,1,0,0,0,0,0,0,0,1,1,0
2443,6.904135516524105,12,2013,5,0,0,0,0,1,0,0,0,0,0,1,1,0
6104,4.43565868472599,17,2009,3,1,0,0,0,1,0,0,0,0,0,1,1,0
11824,12.696090271104058,21,2013,0,0,1,1,0,0,0,0,0,0,0,1,1,0
11450,6.623375800108501,19,2011,3,1,0,0,0,1,0,0,0,0,0,1,1,0
1011,13.472994351498507,16,2009,4,1,0,1,0,0,0,0,0,0,0,1,1,0
12248,4.6341053494930255,0,2015,2,0,1,0,0,1,0,0,0,0,0,1,1,0
12339,8.605885858778928,5,2014,0,0,1,0,0,1,0,0,0,0,0,1,1,0
4506,10.482619723308687,22,2014,5,0,1,1,0,0,0,0,0,0,0,1,1,0
11728,7.3036358040126625,18,2011,4,1,0,0,0,1,0,0,0,0,0,1,1,0
14986,6.4891811521635585,22,2012,5,0,1,0,0,0,0,0,0,0,0,0,1,0
399,6.846073386407131,5,2009,2,0,1,0,0,1,0,0,0,0,0,1,1,0
14775,5.914041504208549,20,2013,0,1,1,0,0,1,0,0,0,0,0,1,1,0
538,14.332937468845511,11,2011,0,0,0,1,0,0,0,0,0,0,0,1,1,0
6451,2.5657637915492715,2,2013,6,0,1,0,0,0,0,0,0,0,0,0,1,0
2016,5.724634860873893,16,2009,2,1,0,0,0,1,0,0,0,0,0,1,1,0
8271,13.049920406823995,13,2012,6,0,0,1,0,0,0,0,0,0,0,1,1,0
8058,4.155233851043172,15,2011,1,0,0,0,0,1,0,0,0,0,0,1,1,0
13564,3.3051605147136787,15,2012,5,0,0,0,0,0,0,0,0,0,0,0,1,0
5115,6.069461334434839,23,2014,0,0,1,0,0,1,0,0,0,0,0,1,1,0
717,9.30193604638386,23,2013,3,0,1,0,0,0,0,0,0,0,0,0,1,0
9844,7.61058649388799,21,2010,5,0,1,0,0,0,0,0,0,0,0,0,1,0
4649,6.066338618225926,14,2009,4,0,0,1,0,0,0,0,0,0,0,1,1,0
10069,8.659856641462161,18,2014,1,1,0,0,0,1,0,0,0,0,0,1,1,0
5181,5.57685332011845,14,2015,6,0,0,0,0,1,0,0,0,0,0,1,1,0
5486,9.987124617586936,5,2013,4,0,1,0,0,0,0,0,0,0,0,0,1,0
5843,7.731203021954681,23,2013,6,0,1,1,0,0,0,0,0,0,0,1,1,0
3896,11.86631949920275,8,2012,4,0,0,1,0,0,0,0,0,0,0,1,1,0
7599,10.029668091786908,21,2009,0,0,1,0,0,0,0,0,0,0,0,0,1,0
3183,12.459976710615065,15,2014,1,0,0,1,0,0,0,0,0,0,0,1,1,0
4591,6.7477101018144685,18,2010,5,0,0,0,0,0,0,0,0,0,0,0,1,0
147,12.701452624801085,22,2014,1,0,1,0,0,0,0,0,0,0,0,0,1,0
11835,9.021753123768601,20,2009,1,1,1,0,0,0,0,0,0,0,0,0,1,0
429,5.775891488330886,10,2009,5,0,0,0,0,1,0,0,0,0,0,1,1,0
13431,5.050484043453466,16,2015,5,0,0,0,0,0,0,0,0,0,0,0,1,0
11311,7.061366363544608,7,2012,4,0,0,0,0,1,0,0,0,0,0,1,1,0
8934,12.67548913897077,17,2015,1,1,0,1,0,0,0,0,0,0,0,1,1,0
4434,5.609951245636251,9,2015,0,0,0,0,0,1,0,0,0,0,0,1,1,0
6061,2.2696888494231877,10,2013,1,0,0,1,0,0,0,0,0,0,0,1,1,0
132,12.336516767585104,21,2009,1,0,1,1,0,0,0,0,0,0,0,1,1,0
6602,14.001686164970748,23,2012,5,0,1,1,0,0,0,0,0,0,0,1,1,0
2620,5.962291575764463,13,2012,1,0,0,0,0,1,0,0,0,0,0,1,1,0
4075,5.319131513364551,13,2012,4,0,0,0,0,1,0,0,0,0,0,1,1,0
5108,4.310532542203266,4,2009,6,0,1,0,0,0,0,0,0,0,0,0,1,0
9210,5.901405477161821,20,2009,4,1,1,0,0,1,0,0,0,0,0,1,1,0
13420,7.79688739562682,19,2011,6,0,0,0,0,1,0,0,0,0,0,1,1,0
11145,10.46735261778609,17,2015,4,1,0,0,0,1,0,0,0,0,0,1,1,0
12489,12.21671112501783,7,2011,4,0,0,1,0,0,0,0,0,0,0,1,1,0
6508,9.803438653194847,11,2010,2,0,0,1,0,1,0,0,0,0,0,1,1,0
1663,12.626440821997566,22,2014,5,0,1,1,0,0,0,0,0,0,0,1,1,0
8654,12.54372807447351,14,2009,3,0,0,1,0,0,0,0,0,0,0,1,1,0
4823,2.9902065562007416,9,2014,3,0,0,0,0,0,0,0,0,0,0,0,1,0
511,11.779250901404499,4,2010,5,0,1,0,0,0,0,0,0,0,0,0,1,0
9321,7.394994510557733,19,2013,1,1,0,0,0,0,0,0,0,0,0,0,1,0
8878,3.8589442549091175,11,2013,5,0,0,0,0,0,0,0,0,0,0,0,1,0
2145,5.110624695667889,16,2009,4,1,0,0,0,1,0,0,0,0,0,1,1,0
928,12.625608925496794,23,2011,3,0,1,1,0,0,0,0,0,0,0,1,1,0
1683,3.7629542767962443,22,2014,4,0,1,0,0,0,0,0,0,0,0,0,1,0
7006,2.154155671785502,14,2011,1,0,0,0,0,1,0,0,0,0,0,1,1,0
118,5.157858285618472,15,2012,4,0,0,0,0,1,0,0,0,0,0,1,1,0
13229,5.889151771194912,12,2010,4,0,0,0,0,1,0,0,0,0,0,1,1,0
11844,12.241790639290343,12,2012,0,0,0,1,0,0,0,0,0,0,0,1,1,0
12063,13.447390845796873,14,2013,0,0,0,1,0,0,0,0,0,0,0,1,1,0
13066,4.852165938634933,7,2012,6,0,0,0,0,1,0,0,0,0,0,1,1,0
3949,6.905566323846644,18,2013,3,1,0,0,0,1,0,0,0,0,0,1,1,0
5571,2.0151470865313357,15,2009,3,0,0,1,0,0,0,0,0,0,0,1,1,0
7757,12.317725906711924,20,2012,1,1,1,1,0,0,0,0,0,0,0,1,1,0
14564,5.0449219207532146,15,2009,4,0,0,0,0,1,0,0,0,0,0,1,1,0
9322,12.652350857065198,19,2014,3,1,0,1,0,0,0,0,0,0,0,1,1,0
9605,5.425248995971496,21,2009,3,0,1,0,0,0,0,0,0,0,0,0,1,0
6486,0.7218558747195578,9,2012,6,0,0,0,0,1,0,0,0,0,0,1,1,0
4620,11.540456169752382,20,2012,1,1,1,0,1,0,0,0,0,0,0,1,0,0
5172,13.136972690644779,12,2011,0,0,0,1,0,0,0,0,0,0,0,1,1,0
11019,12.007892787375118,11,2014,2,0,0,1,0,0,0,0,0,0,0,1,1,0
4588,5.251453259576974,8,2013,0,0,0,0,0,1,0,0,0,0,0,1,1,0
13741,12.97466607243947,7,2011,0,0,0,1,0,0,0,0,0,0,0,1,1,0
14080,5.6453393438558,7,2013,0,0,0,0,0,1,0,0,0,0,0,1,1,0
8865,5.529823615753355,11,2013,3,0,0,0,0,1,0,0,0,0,0,1,1,0
11151,7.057267869117102,10,2014,4,0,0,0,0,1,0,0,0,0,0,1,1,0
8363,11.837101065159839,14,2010,2,0,0,0,1,0,0,0,0,0,0,1,0,0
3594,6.0404881251343845,18,2009,5,0,0,0,0,1,0,0,0,0,0,1,1,0
4433,7.811582303393541,14,2012,0,0,0,0,0,1,0,0,0,0,0,1,1,0
1995,3.6940734814337084,8,2014,1,0,0,0,0,1,0,0,0,0,0,1,1,0
5120,4.711570031071909,12,2010,3,0,0,0,0,1,0,0,0,0,0,1,1,0
6401,4.031039536343862,4,2013,1,0,1,0,0,0,0,0,0,0,0,0,1,0
13979,6.345368530441611,21,2013,2,0,1,0,0,1,0,0,0,0,0,1,1,0
9132,4.055482466117405,12,2009,6,0,0,0,0,0,0,0,0,0,0,0,1,0
4758,13.168310055894679,18,2015,3,1,0,1,0,0,0,0,0,0,0,1,1,0
7576,6.979794853555088,11,2013,3,0,0,0,0,1,0,0,0,0,0,1,1,0
4213,6.554496516882517,19,2013,3,1,0,0,0,1,0,0,0,0,0,1,1,0
7693,8.273098830129472,17,2011,4,1,0,0,0,1,0,0,0,0,0,1,1,0
563,2.561175910481654,20,2014,1,1,1,0,0,1,0,0,0,0,0,1,1,0
8140,8.965658434543425,18,2012,6,0,0,0,0,0,0,0,0,0,0,0,1,0
398,5.421398238231573,14,2015,2,0,0,0,0,1,0,0,0,0,0,1,1,0
6658,9.97483890589428,5,2014,3,0,1,1,0,0,0,0,0,0,0,1,1,0
12395,8.441796733732344,1,2009,1,0,1,0,0,0,0,0,0,0,0,0,1,0
12294,10.287556350959775,12,2009,6,0,0,1,0,1,0,0,0,0,0,1,1,0
1868,12.594415834346657,15,2012,0,0,0,1,0,0,0,0,0,0,0,1,1,0
12655,10.960837812008712,22,2009,6,0,1,1,0,0,0,0,0,0,0,1,1,0
8929,8.289567267046186,23,2010,6,0,1,0,0,0,0,0,0,0,0,0,1,0
11971,6.587648700179425,11,2015,4,0,0,0,0,1,0,0,0,0,0,1,1,0
14932,5.604115291374272,1,2009,3,0,1,0,0,1,0,0,0,0,0,1,1,0
11870,4.350574135270543,4,2011,4,0,1,0,0,0,0,0,0,0,0,0,1,0
10586,12.682531175033558,7,2014,4,0,0,1,0,0,0,0,0,0,0,1,1,0
11456,4.70196152121458,3,2014,3,0,1,0,0,0,0,0,0,0,0,0,1,0
13075,6.9586081722031015,16,2012,3,1,0,0,0,1,0,0,0,0,0,1,1,0
11228,12.479502997908932,16,2009,0,1,0,1,0,0,0,0,0,0,0,1,1,0
12608,12.867060345993444,16,2014,2,1,0,1,0,0,0,0,0,0,0,1,1,0
5804,4.047241917679673,2,2014,5,0,1,0,0,0,0,0,0,0,0,0,1,0
8390,12.628050907794435,7,2014,0,0,0,1,0,0,0,0,0,0,0,1,1,0
9519,5.731860065518117,12,2013,3,0,0,0,0,1,0,0,0,0,0,1,1,0
3738,1.7000262199911798,13,2010,0,0,0,0,0,1,0,0,0,0,0,1,1,0
14019,11.994103101525312,14,2015,6,0,0,1,0,0,0,0,0,0,0,1,1,0
6623,11.156069045695572,18,2012,1,1,0,0,0,0,0,0,0,0,0,0,1,0
4819,9.80221436777338,18,2014,4,1,0,1,0,1,0,0,0,0,0,1,1,0
9306,13.331510962390503,6,2010,6,0,1,1,0,0,0,0,0,0,0,1,1,0
6336,5.599902043327454,9,2010,3,0,0,0,0,1,0,0,0,0,0,1,1,0
7851,12.614548736505185,11,2013,3,0,0,1,0,0,0,0,0,0,0,1,1,0
14049,7.393701316672265,22,2010,6,0,1,0,0,1,0,0,0,0,0,1,1,0
13597,4.077106687383062,10,2012,4,0,0,0,0,1,0,0,0,0,0,1,1,0
12199,4.797355667831092,1,2011,6,0,1,0,0,0,0,0,0,0,0,0,1,0
8503,5.28125613473863,20,2014,6,0,1,0,0,1,0,0,0,0,0,1,1,0
11231,11.616957630723308,20,2012,6,0,1,0,0,0,0,0,0,0,0,0,1,0
1350,8.80831705057597,15,2009,3,0,0,1,0,0,0,0,0,0,0,1,1,0
12187,3.8933762307536437,23,2012,3,0,1,0,0,0,0,0,0,0,0,0,1,0
1728,6.492583569938366,13,2011,0,0,0,0,0,1,0,0,0,0,0,1,1,0
13405,5.976606656424469,17,2012,6,0,0,0,0,0,0,0,0,0,0,0,1,0
7940,1.3075762940659057,1,2010,3,0,1,0,0,0,0,0,0,0,0,0,1,0
6934,4.41074439900459,16,2010,3,1,0,0,0,1,0,0,0,0,0,1,1,0
4833,6.821820593690272,19,2014,5,0,0,0,0,1,0,0,0,0,0,1,1,0
11859,0.05267514897020568,19,2015,1,1,0,0,0,0,0,0,0,0,0,0,1,0
2696,1.3203616990915337,0,2013,4,0,1,1,0,0,0,0,0,0,0,1,1,0
4497,7.294458051523688,22,2012,3,0,1,0,0,0,0,0,0,0,0,0,1,0
12615,4.065467118493734,1,2012,1,0,1,0,0,0,0,0,0,0,0,0,1,0
8195,4.278061091590225,7,2011,1,0,0,0,0,1,0,0,0,0,0,1,1,0
13919,5.9936696167558585,16,2012,1,1,0,0,0,1,0,0,0,0,0,1,1,0
6612,1.928305924957558,15,2012,0,0,0,0,0,1,0,0,0,0,0,1,1,0
9946,5.835057026231079,11,2013,4,0,0,0,0,1,0,0,0,0,0,1,1,0
3233,5.666406912847934,6,2009,3,0,1,0,0,1,0,0,0,0,0,1,1,0
6262,6.148635528336849,10,2011,0,0,0,0,0,1,0,0,0,0,0,1,1,0
3266,7.426712396061662,20,2010,6,0,1,1,0,0,0,0,0,0,0,1,1,0
6984,9.728194074304938,15,2010,3,0,0,0,0,0,0,0,0,0,0,0,1,0
5179,6.406137658117072,13,2009,1,0,0,0,0,1,0,0,0,0,0,1,1,0
7315,12.453590408068653,22,2009,6,0,1,1,0,0,0,0,0,0,0,1,1,0
3217,10.636227256762101,1,2012,5,0,1,0,0,0,0,0,0,0,0,0,1,0
8552,12.769556686715294,8,2009,6,0,0,0,0,0,0,0,0,0,0,0,1,0
5735,5.307189548992073,20,2009,2,1,1,0,0,1,0,0,0,0,0,1,1,0
13991,4.984843833202623,22,2013,0,0,1,0,0,0,0,0,0,0,0,0,1,0
9086,5.544699995086057,0,2009,6,0,1,0,0,0,0,0,0,0,0,0,1,0
1368,10.835279279379884,19,2009,2,1,0,1,0,0,0,0,0,0,0,1,1,0
6550,3.263795787634015,5,2009,6,0,1,0,0,1,0,0,0,0,0,1,1,0
14800,12.50132262890924,13,2009,3,0,0,1,0,0,0,0,0,0,0,1,1,0
6514,7.820320230675909,4,2011,5,0,1,0,0,0,0,0,0,0,0,0,1,0
10645,4.596244542564241,14,2009,5,0,0,0,0,1,0,0,0,0,0,1,1,0
3000,13.03900873235663,16,2012,0,1,0,1,0,0,0,0,0,0,0,1,1,0
4651,6.222234825800934,20,2009,0,1,1,0,0,1,0,0,0,0,0,1,1,0
7099,13.327588583417135,5,2012,6,0,1,1,0,0,0,0,0,0,0,1,1,0
12818,13.07838926578865,23,2015,3,0,1,1,0,0,0,0,0,0,0,1,1,0
14566,5.890508233619613,21,2012,0,0,1,0,0,1,0,0,0,0,0,1,1,0
3126,7.610540833455557,15,2011,0,0,0,0,0,0,0,0,0,0,0,0,1,0
286,13.281677462744659,17,2013,4,1,0,1,0,0,0,0,0,0,0,1,1,0
2224,7.00314564825465,10,2012,6,0,0,0,0,1,0,0,0,0,0,1,1,0
12614,9.87343457827532,7,2011,4,0,0,0,1,0,0,0,0,0,0,1,0,0
4012,4.319109187776911,15,2009,5,0,0,0,0,1,0,0,0,0,0,1,1,0
10527,6.33634962148366,6,2009,6,0,1,0,0,1,0,0,0,0,0,1,1,0
5133,2.1466028695004606,23,2013,3,0,1,0,0,1,0,0,0,0,0,1,1,0
12721,9.43514630613056,0,2014,4,0,1,1,0,0,0,0,0,0,0,1,1,0
13189,6.820678254373464,2,2011,5,0,1,0,0,0,0,0,0,0,0,0,1,0
6919,13.80397224678875,21,2014,6,0,1,1,0,0,0,0,0,0,0,1,1,0
4377,5.387911177000957,5,2013,1,0,1,0,0,1,0,0,0,0,0,1,1,0
10164,3.682552264635781,23,2009,5,0,1,0,0,0,0,0,0,0,0,0,1,0
4132,5.509917889753193,18,2010,0,1,0,0,0,1,0,0,0,0,0,1,1,0
14359,6.137196446209795,15,2011,4,0,0,0,0,1,0,0,0,0,0,1,1,0
10957,13.428443339674804,19,2015,1,1,0,1,0,0,0,0,0,0,0,1,1,0
1288,9.05356451194907,9,2013,0,0,0,0,0,1,0,0,0,0,0,1,1,0
2880,0.7912069128772595,0,2014,4,0,1,0,0,0,0,0,0,0,0,0,1,0
9883,0.6964962091248728,18,2014,1,1,0,0,0,0,0,0,0,0,0,0,1,0
4466,5.709218737525274,11,2011,4,0,0,0,0,1,0,0,0,0,0,1,1,0
5549,3.479166051181527,2,2013,6,0,1,0,0,0,0,0,0,0,0,0,1,0
10252,5.272206533788795,6,2015,0,0,1,0,0,1,0,0,0,0,0,1,1,0
2849,1.7410244126488066,21,2012,0,0,1,0,0,0,0,0,0,0,0,0,1,0
7908,0.06570080713133651,5,2014,1,0,1,0,0,0,0,0,0,0,0,0,1,0
1583,5.271329001893669,0,2009,4,0,1,0,0,0,0,0,0,0,0,0,1,0
2057,6.580484569184612,18,2011,4,1,0,0,0,1,0,0,0,0,0,1,1,0
14914,3.182742601263678,4,2013,5,0,1,0,0,0,0,0,0,0,0,0,1,0
1546,6.16676734067744,18,2010,2,1,0,0,0,0,0,0,0,0,0,0,1,0
489,7.68966650373941,23,2012,6,0,1,0,0,0,0,0,0,0,0,0,1,0
1432,5.282876140316666,22,2012,2,0,1,0,0,0,0,0,0,0,0,0,1,0
4666,2.068972756971434,14,2014,5,0,0,0,0,0,0,0,0,0,0,0,1,0
9057,5.701886380824219,15,2013,0,0,0,0,0,1,0,0,0,0,0,1,1,0
9703,6.067576540933633,14,2009,1,0,0,0,0,1,0,0,0,0,0,1,1,0
9278,3.0687458021037983,23,2013,1,0,1,0,0,1,0,0,0,0,0,1,1,0
9729,8.495615823242616,23,2009,1,0,1,0,0,1,0,0,0,0,0,1,1,0
4692,12.359750640794832,2,2012,5,0,1,0,0,0,0,0,0,0,0,0,1,0
5732,5.644234343315898,10,2014,6,0,0,0,0,1,0,0,0,0,0,1,1,0
13242,6.955301219307553,14,2009,2,0,0,0,0,1,0,0,0,0,0,1,1,0
7223,5.962211228989687,22,2013,1,0,1,0,0,1,0,0,0,0,0,1,1,0
4565,9.518291992237621,3,2014,6,0,1,0,0,0,0,0,0,0,0,0,1,0
6294,7.406086538029428,22,2014,4,0,1,0,0,1,0,0,0,0,0,1,1,0
3404,5.60848210654839,2,2011,6,0,1,0,0,0,0,0,0,0,0,0,1,0
6199,5.785472082875776,9,2013,1,0,0,0,0,1,0,0,0,0,0,1,1,0
8049,13.650401503282223,2,2015,0,0,1,1,0,0,0,0,0,0,0,1,1,0
14380,8.421414825291679,21,2014,6,0,1,0,0,1,0,0,0,0,0,1,1,0
5241,9.05516326255717,22,2015,2,0,1,0,0,0,0,0,0,0,0,0,1,0
13895,5.425591230269411,19,2014,0,1,0,0,0,1,0,0,0,0,0,1,1,0
2169,5.711703330168969,19,2010,1,1,0,0,0,1,0,0,0,0,0,1,1,0
9984,8.985363354355846,12,2011,5,0,0,0,0,1,0,0,0,0,0,1,1,0
5946,5.856549841614702,11,2014,1,0,0,0,0,1,0,0,0,0,0,1,1,0
13546,9.80883088614206,7,2013,4,0,0,1,0,1,0,0,0,0,0,1,1,0
13661,7.052393790533047,11,2014,5,0,0,0,0,0,0,0,0,0,0,0,1,0
14140,13.799687592423039,19,2011,1,1,0,1,0,0,0,0,0,0,0,1,1,0
1097,1.5127747611555444,20,2009,2,1,1,0,0,0,0,0,0,0,0,0,1,0
12085,4.994935394467154,14,2013,4,0,0,0,0,1,0,0,0,0,0,1,1,0
4064,8.745712268765807,18,2010,2,1,0,0,1,0,0,0,0,0,0,1,0,0
8179,8.580395290478142,13,2015,2,0,0,0,0,1,0,0,0,0,0,1,1,0
997,6.208272821697497,11,2011,3,0,0,0,0,1,0,0,0,0,0,1,1,0
8124,1.5913035714026167,20,2013,1,1,1,0,0,0,0,0,0,0,0,0,1,0
10499,13.61445553485133,15,2014,6,0,0,1,0,0,0,0,0,0,0,1,1,0
7782,1.1223627863686663,22,2014,1,0,1,0,0,0,0,0,0,0,0,0,1,0
11641,7.9196626438093425,17,2011,4,1,0,0,0,1,0,0,0,0,0,1,1,0
857,7.5998656177692485,2,2012,5,0,1,0,0,1,0,0,0,0,0,1,1,0
14490,11.119451524487932,10,2012,4,0,0,1,0,0,0,0,0,0,0,1,1,0
10983,12.874183147024008,20,2011,3,1,1,1,0,0,0,0,0,0,0,1,1,0
14099,14.724135974926101,12,2013,2,0,0,1,0,0,0,0,0,0,0,1,1,0
12448,5.396533564347126,20,2014,2,1,1,0,0,1,0,0,0,0,0,1,1,0
1722,4.770095943128472,22,2010,3,0,1,0,0,1,0,0,0,0,0,1,1,0
4471,10.510633640693964,19,2010,1,1,0,1,0,0,0,0,0,0,0,1,1,0
32,5.84293710734268,16,2009,4,1,0,0,0,1,0,0,0,0,0,1,1,0
11533,6.140774087796197,12,2012,3,0,0,0,0,1,0,0,0,0,0,1,1,0
6897,0.24414307344898487,15,2011,3,0,0,0,0,1,0,0,0,0,0,1,1,0
7707,12.33213714337047,15,2012,1,0,0,1,0,0,0,0,0,0,0,1,1,0
4160,4.533369712174746,16,2012,4,1,0,0,0,1,0,0,0,0,0,1,1,0
7499,12.916322315296265,10,2013,0,0,0,1,0,0,0,0,0,0,0,1,1,0
13468,4.918654063439631,3,2012,1,0,1,0,0,0,0,0,0,0,0,0,1,0
5316,4.960123982873089,12,2015,4,0,0,0,0,0,0,0,0,0,0,0,1,0
2264,11.846079039976514,14,2015,0,0,0,1,0,0,0,0,0,0,0,1,1,0
5417,13.13881809521367,20,2009,5,0,1,1,0,0,0,0,0,0,0,1,1,0
14458,6.993558678961852,11,2013,0,0,0,0,0,1,0,0,0,0,0,1,1,0
10720,2.428220550051464,19,2013,0,1,0,0,0,1,0,0,0,0,0,1,1,0
13188,5.873675345474434,12,2013,0,0,0,0,0,1,0,0,0,0,0,1,1,0
11981,11.723351475713914,2,2012,5,0,1,0,0,0,0,0,0,0,0,0,1,0
7723,2.4416435430925114,22,2009,3,0,1,0,0,0,0,0,0,0,0,0,1,0
12182,5.970876618597894,23,2014,0,0,1,0,0,0,0,0,0,0,0,0,1,0
11382,11.791952209786025,1,2012,6,0,1,0,0,0,0,0,0,0,0,0,1,0
6017,8.533467671066711,0,2009,6,0,1,0,0,0,0,0,0,0,0,0,1,0
582,12.515776850822931,8,2012,4,0,0,1,0,0,0,0,0,0,0,1,1,0
8088,13.684025758476375,17,2012,5,0,0,1,0,0,0,0,0,0,0,1,1,0
5538,13.09351375154464,13,2014,6,0,0,1,0,0,0,0,0,0,0,1,1,0
9184,11.1115957217493,2,2012,0,0,1,1,0,0,0,0,0,0,0,1,1,0
4253,6.10105176846397,23,2012,5,0,1,1,0,0,0,0,0,0,0,1,1,0
4802,10.123801337195536,21,2009,3,0,1,1,0,0,0,0,0,0,0,1,1,0
6676,6.216522160888673,16,2011,6,0,0,0,0,1,0,0,0,0,0,1,1,0
4405,12.660881112717016,23,2012,0,0,1,1,0,0,0,0,0,0,0,1,1,0
5712,12.684132597398351,15,2013,3,0,0,1,0,0,0,0,0,0,0,1,1,0
12941,14.362478493062854,14,2011,6,0,0,1,0,0,0,0,0,0,0,1,1,0
1974,12.637464726319637,17,2012,5,0,0,1,0,0,0,0,0,0,0,1,1,0
499,5.838192640660327,11,2012,4,0,0,0,0,1,0,0,0,0,0,1,1,0
7081,7.3252198116098235,9,2011,4,0,0,0,0,1,0,0,0,0,0,1,1,0
9643,5.976602737505936,14,2010,4,0,0,0,0,1,0,0,0,0,0,1,1,0
13581,3.4683967624946432,1,2010,1,0,1,0,0,0,0,0,0,0,0,0,1,0
13535,12.670561895819809,20,2012,4,1,1,1,0,0,0,0,0,0,0,1,1,0
9158,7.704219899042318,7,2009,0,0,0,0,0,1,0,0,0,0,0,1,1,0
10519,6.574718875704341,10,2012,1,0,0,0,0,1,0,0,0,0,0,1,1,0
5297,9.842373457872158,12,2012,5,0,0,0,1,0,0,0,0,0,0,1,0,0
1887,0.8430008623622306,16,2009,0,1,0,0,0,1,0,0,0,0,0,1,1,0
12119,7.579132501185592,7,2009,3,0,0,0,0,0,0,0,0,0,0,0,1,0
6693,6.461032581418448,1,2011,3,0,1,0,0,0,0,0,0,0,0,0,1,0
14848,8.754154935879638,6,2014,5,0,1,1,0,0,0,0,0,0,0,1,1,0
7468,11.124770820421217,21,2011,3,0,1,1,0,0,0,0,0,0,0,1,1,0
7258,1.5096505313212814,22,2010,5,0,1,0,0,1,0,0,0,0,0,1,1,0
2794,8.312903835664317,13,2015,6,0,0,1,0,0,0,0,0,0,0,1,1,0
11116,7.993794071169188,17,2010,6,0,0,0,0,1,0,0,0,0,0,1,1,0
5717,4.537887089014543,20,2012,3,1,1,0,0,1,0,0,0,0,0,1,1,0
1762,13.338872093606346,5,2011,0,0,1,1,0,0,0,0,0,0,0,1,1,0
4867,5.692713235049586,14,2012,2,0,0,0,0,1,0,0,0,0,0,1,1,0
2299,5.380893398444342,15,2010,5,0,0,0,0,1,0,0,0,0,0,1,1,0
6798,7.569023863010678,3,2010,5,0,1,0,0,0,0,0,0,0,0,0,1,0
8906,2.5616551043324622,1,2013,0,0,1,0,0,0,0,0,0,0,0,0,1,0
3719,3.6163750757093105,12,2013,4,0,0,0,0,1,0,0,0,0,0,1,1,0
5294,4.059037485546688,14,2013,4,0,0,0,0,0,0,0,0,0,0,0,1,0
12288,6.585935153223345,22,2014,3,0,1,0,0,1,0,0,0,0,0,1,1,0
1666,0.7892814196977989,1,2011,4,0,1,0,0,0,0,0,0,0,0,0,1,0
1847,8.402846427385386,1,2010,6,0,1,0,0,0,0,0,0,0,0,0,1,0
11366,1.2655103754051167,17,2013,6,0,0,0,0,0,0,0,0,0,0,0,1,0
709,8.810460388727153,7,2012,0,0,0,0,0,1,0,0,0,0,0,1,1,0
9262,5.951679430960514,14,2009,6,0,0,1,0,0,0,0,0,0,0,1,1,0
7966,8.30668901181282,17,2010,2,1,0,0,0,1,0,0,0,0,0,1,1,0
9927,6.350104787539128,0,2013,3,0,1,0,0,0,0,0,0,0,0,0,1,0
3763,12.063091088308866,15,2010,3,0,0,1,0,0,0,0,0,0,0,1,1,0
10012,8.708332470059016,10,2014,3,0,0,0,0,1,0,0,0,0,0,1,1,0
6438,5.633549021758343,17,2013,4,1,0,0,0,1,0,0,0,0,0,1,1,0
4495,13.391462652087466,1,2012,5,0,1,1,0,0,0,0,0,0,0,1,1,0
3545,11.914198088866906,21,2011,4,0,1,1,0,0,0,0,0,0,0,1,1,0
2405,0.6907296864308393,8,2010,5,0,0,1,0,0,0,0,0,0,0,1,1,0
7900,13.434212266506217,12,2013,4,0,0,1,0,0,0,0,0,0,0,1,1,0
4103,5.44589686437941,10,2010,5,0,0,0,0,1,0,0,0,0,0,1,1,0
8718,5.712798813489243,11,2014,1,0,0,0,0,1,0,0,0,0,0,1,1,0
676,12.249505213689835,19,2013,4,1,0,1,0,0,0,0,0,0,0,1,1,0
3300,8.213248235632252,0,2010,1,0,1,0,0,1,0,0,0,0,0,1,1,0
3204,4.855560519255773,0,2009,3,0,1,0,0,1,0,0,0,0,0,1,1,0
8353,12.263026467395552,18,2014,0,1,0,1,0,0,0,0,0,0,0,1,1,0
4343,3.2810841013523664,3,2010,4,0,1,0,0,0,0,0,0,0,0,0,1,0
9077,6.284753298716614,10,2014,2,0,0,0,0,1,0,0,0,0,0,1,1,0
5989,6.427315061737025,14,2010,3,0,0,0,0,0,0,0,0,0,0,0,1,0
8546,4.607964164909596,16,2015,3,1,0,0,0,0,0,0,0,0,0,0,1,0
10277,3.0315247490796104,6,2011,3,0,1,0,0,0,0,0,0,0,0,0,1,0
8317,3.7352430830069934,1,2011,4,0,1,0,0,0,0,0,0,0,0,0,1,0
13161,4.365481888802505,0,2010,4,0,1,0,0,0,0,0,0,0,0,0,1,0
6091,12.136604063913753,5,2013,4,0,1,1,0,0,0,0,0,0,0,1,1,0
2157,5.453476619846191,0,2013,1,0,1,0,0,0,0,0,0,0,0,0,1,0
2191,6.09903111052076,14,2013,2,0,0,0,0,1,0,0,0,0,0,1,1,0
1904,5.479272618535346,15,2013,1,0,0,0,0,1,0,0,0,0,0,1,1,0
2754,7.509366226539858,8,2013,6,0,0,0,0,1,0,0,0,0,0,1,1,0
6360,6.416186754010011,12,2013,0,0,0,0,0,1,0,0,0,0,0,1,1,0
2476,0.7272048339318755,23,2010,5,0,1,0,0,0,0,0,0,0,0,0,1,0
12986,11.766839919032888,22,2009,3,0,1,0,0,0,0,0,0,0,0,0,1,0
4331,8.882331030925101,1,2011,2,0,1,0,0,0,0,0,0,0,0,0,1,0
8259,14.568519009666455,16,2015,6,0,0,1,0,0,0,0,0,0,0,1,1,0
12858,5.673988647623108,6,2012,0,0,1,0,0,1,0,0,0,0,0,1,1,0
9377,10.997739008477934,9,2012,3,0,0,0,0,0,0,0,0,0,0,0,1,0
14519,12.185992652562552,14,2011,4,0,0,0,1,0,0,0,0,0,0,1,0,0
13679,8.848650368478225,15,2012,6,0,0,0,0,1,0,0,0,0,0,1,1,0
9029,12.990323322095238,16,2014,2,1,0,1,0,0,0,0,0,0,0,1,1,0
10337,7.814201278009082,15,2009,2,0,0,0,0,1,0,0,0,0,0,1,1,0
13820,7.646872163843506,18,2010,2,1,0,0,0,1,0,0,0,0,0,1,1,0
1176,5.659428643195925,8,2013,0,0,0,0,0,1,0,0,0,0,0,1,1,0
11381,7.904433761124879,19,2011,6,0,0,0,0,1,0,0,0,0,0,1,1,0
7380,8.86014605568169,9,2014,0,0,0,0,0,1,0,0,0,0,0,1,1,0
1051,9.633404713578617,2,2012,5,0,1,0,0,0,0,0,0,0,0,0,1,0
13644,0.5918151917421538,16,2011,2,1,0,0,0,0,0,0,0,0,0,0,1,0
3216,14.405926766284068,17,2010,0,1,0,1,0,0,0,0,0,0,0,1,1,0
8618,5.975567595607626,11,2009,1,0,0,0,0,0,0,0,0,0,0,0,1,0
2173,9.365362204996767,3,2009,5,0,1,0,0,0,0,0,0,0,0,0,1,0
13809,7.01650036986279,22,2012,5,0,1,0,0,1,0,0,0,0,0,1,1,0
3190,6.011680910365113,19,2009,4,1,0,0,0,1,0,0,0,0,0,1,1,0
9141,11.854224981283023,7,2014,2,0,0,1,0,0,0,0,0,0,0,1,1,0
14401,2.5525878345805384,4,2014,2,0,1,0,0,0,0,0,0,0,0,0,1,0
13654,4.970540279931965,0,2009,4,0,1,0,0,1,0,0,0,0,0,1,1,0
11812,5.896302560218912,13,2013,4,0,0,0,0,1,0,0,0,0,0,1,1,0
10224,1.0517540954180973,0,2010,4,0,1,0,0,1,0,0,0,0,0,1,1,0
9431,10.884379880983747,14,2014,4,0,0,0,1,0,0,0,0,0,0,1,0,0
1388,4.791413571599662,8,2014,4,0,0,0,0,1,0,0,0,0,0,1,1,0
4004,10.159745362259049,23,2012,3,0,1,0,0,0,0,0,0,0,0,0,1,0
9700,3.3579213437160345,19,2012,1,1,0,0,0,1,0,0,0,0,0,1,1,0
5795,9.23594071067673,12,2013,5,0,0,1,0,0,0,0,0,0,0,1,1,0
11356,4.085832539924874,23,2011,6,0,1,0,0,0,0,0,0,0,0,0,1,0
14511,5.921214801423461,1,2014,4,0,1,0,0,0,0,0,0,0,0,0,1,0
726,5.848381706171011,6,2009,3,0,1,0,0,1,0,0,0,0,0,1,1,0
9427,5.523794840173869,22,2011,2,0,1,0,0,1,0,0,0,0,0,1,1,0
5076,5.85448404750533,17,2011,6,0,0,0,0,1,0,0,0,0,0,1,1,0
1163,6.099067086403896,11,2010,5,0,0,0,0,1,0,0,0,0,0,1,1,0
14961,11.544191222217606,21,2012,3,0,1,0,0,0,0,0,0,0,0,0,1,0
8360,11.083271107930738,14,2009,3,0,0,1,0,0,0,0,0,0,0,1,1,0
3471,7.7082857248484205,10,2014,1,0,0,0,0,1,0,0,0,0,0,1,1,0
10019,12.511449634115209,17,2012,0,1,0,1,0,0,0,0,0,0,0,1,1,0
6351,6.815141412976747,23,2010,4,0,1,0,0,0,0,0,0,0,0,0,1,0
13514,8.12654803903597,1,2009,6,0,1,0,0,0,0,0,0,0,0,0,1,0
6185,3.9634683263227988,1,2010,4,0,1,0,0,0,0,0,0,0,0,0,1,0
8391,12.175292278905701,17,2009,1,1,0,1,0,0,0,0,0,0,0,1,1,0
3730,5.966328194818323,9,2009,6,0,0,0,0,1,0,0,0,0,0,1,1,0
622,13.861273319012456,9,2014,1,0,0,1,0,0,0,0,0,0,0,1,1,0
10023,8.282511217492406,8,2014,1,0,0,0,0,0,0,0,0,0,0,0,1,0
12842,3.5116058648346296,4,2010,5,0,1,0,0,1,0,0,0,0,0,1,1,0
1557,8.380635055120255,19,2011,4,1,0,0,0,1,0,0,0,0,0,1,1,0
320,4.81496437760782,22,2012,5,0,1,1,0,0,0,0,0,0,0,1,1,0
2834,9.639333146231923,7,2014,0,0,0,0,0,0,0,0,0,0,0,0,1,0
7922,5.764806176691166,23,2010,1,0,1,0,0,1,0,0,0,0,0,1,1,0
10652,6.222414317788144,7,2012,2,0,0,0,0,1,0,0,0,0,0,1,1,0
2243,11.001136603406165,21,2013,0,0,1,1,0,0,0,0,0,0,0,1,1,0
7598,13.000892246344822,6,2013,3,0,1,1,0,0,0,0,0,0,0,1,1,0
14686,5.705557048541827,4,2010,4,0,1,0,0,1,0,0,0,0,0,1,1,0
12423,5.7584087743625325,14,2013,4,0,0,0,0,1,0,0,0,0,0,1,1,0
7625,3.214360027523665,16,2011,6,0,0,0,0,1,0,0,0,0,0,1,1,0
6640,7.013146248379791,17,2012,1,1,0,0,0,1,0,0,0,0,0,1,1,0
443,13.30734282508433,13,2011,1,0,0,1,0,0,0,0,0,0,0,1,1,0
7790,4.291377379701164,3,2011,6,0,1,0,0,0,0,0,0,0,0,0,1,0
1487,6.003695916834724,9,2015,1,0,0,0,0,1,0,0,0,0,0,1,1,0
1830,3.9469840135210292,20,2013,0,1,1,0,0,0,0,0,0,0,0,0,1,0
4389,9.074979941500459,4,2009,5,0,1,0,0,0,0,0,0,0,0,0,1,0
3073,3.292135563807071,19,2011,2,1,0,0,0,1,0,0,0,0,0,1,1,0
9135,4.150039529913086,3,2015,3,0,1,0,0,0,0,0,0,0,0,0,1,0
738,1.9361169362339081,1,2010,1,0,1,1,0,0,0,0,0,0,0,1,1,0
14748,0.9023077346234706,7,2015,0,0,0,1,0,0,0,0,0,0,0,1,1,0
3492,5.555129806552973,13,2013,0,0,0,0,0,1,0,0,0,0,0,1,1,0
8117,10.25879880836138,23,2013,5,0,1,1,0,0,0,0,0,0,0,1,1,0
6945,6.387703487560036,11,2009,3,0,0,0,0,1,0,0,0,0,0,1,1,0
6207,7.055871540896272,16,2013,4,1,0,0,0,1,0,0,0,0,0,1,1,0
12175,5.4545064077633585,21,2014,5,0,1,0,0,1,0,0,0,0,0,1,1,0
10854,3.4325904716589055,3,2015,5,0,1,0,0,0,0,0,0,0,0,0,1,0
850,4.82107064630038,13,2013,0,0,0,0,0,1,0,0,0,0,0,1,1,0
5378,11.06952554371197,22,2011,6,0,1,1,0,0,0,0,0,0,0,1,1,0
4949,2.786886528733538,11,2012,6,0,0,0,0,0,0,0,0,0,0,0,1,0
12433,14.61074924241172,13,2014,5,0,0,1,0,0,0,0,0,0,0,1,1,0
11423,1.4101456845879567,6,2014,4,0,1,0,0,1,0,0,0,0,0,1,1,0
5922,12.653322199949871,16,2012,3,1,0,1,0,0,0,0,0,0,0,1,1,0
8239,8.839748547351245,22,2010,4,0,1,0,0,0,0,0,0,0,0,0,1,0
4732,4.603954423059531,22,2011,1,0,1,0,0,0,0,0,0,0,0,0,1,0
8712,5.86518055902765,23,2010,5,0,1,0,0,1,0,0,0,0,0,1,1,0
3017,9.217430684706986,12,2011,1,0,0,0,0,1,0,0,0,0,0,1,1,0
13987,6.011745685497198,14,2010,0,0,0,0,0,1,0,0,0,0,0,1,1,0
313,6.858696044345403,1,2011,3,0,1,0,0,0,0,0,0,0,0,0,1,0
9739,6.537096692766377,23,2015,3,0,1,0,0,1,0,0,0,0,0,1,1,0
11280,11.565246550949944,20,2009,1,1,1,1,0,0,0,0,0,0,0,1,1,0
5474,2.087939210362908,9,2011,0,0,0,1,0,0,0,0,0,0,0,1,1,0
2639,10.799554575732106,9,2013,3,0,0,0,1,0,0,0,0,0,0,1,0,0
5909,12.908763289980453,14,2010,0,0,0,1,0,0,0,0,0,0,0,1,1,0
13055,5.954128459655788,4,2011,4,0,1,0,0,1,0,0,0,0,0,1,1,0
11769,11.25455119271988,12,2013,5,0,0,1,0,0,0,0,0,0,0,1,1,0
8812,3.907182046683389,13,2009,6,0,0,0,0,0,0,0,0,0,0,0,1,0
10369,2.471731907193285,7,2014,6,0,0,0,0,1,0,0,0,0,0,1,1,0
14602,6.444909494394409,12,2015,0,0,0,0,0,1,0,0,0,0,0,1,1,0
11765,12.994603792626037,19,2013,3,1,0,1,0,0,0,0,0,0,0,1,1,0
13457,13.47225496263211,12,2015,0,0,0,1,0,0,0,0,0,0,0,1,1,0
6476,7.285866088680824,18,2009,2,1,0,0,0,1,0,0,0,0,0,1,1,0
5236,5.114862744791172,12,2010,4,0,0,0,0,1,0,0,0,0,0,1,1,0
4260,12.174696031167262,18,2013,1,1,0,1,0,0,0,0,0,0,0,1,1,0
2417,13.33059305909586,13,2012,1,0,0,1,0,0,0,0,0,0,0,1,1,0
13896,4.747411586690033,5,2015,0,0,1,0,0,1,0,0,0,0,0,1,1,0
7769,11.01433646075904,2,2015,6,0,1,0,0,0,0,0,0,0,0,0,1,0
7981,6.061952200196276,16,2012,1,1,0,0,0,1,0,0,0,0,0,1,1,0
6253,7.855648518967271,16,2014,1,1,0,0,0,1,0,0,0,0,0,1,1,0
3808,3.3014051616847384,14,2012,6,0,0,1,0,0,0,0,0,0,0,1,1,0
7999,6.174856578284162,8,2014,3,0,0,0,0,1,0,0,0,0,0,1,1,0
301,5.084661145053909,13,2010,1,0,0,0,0,1,0,0,0,0,0,1,1,0
2261,5.791593091931173,14,2014,5,0,0,0,0,1,0,0,0,0,0,1,1,0
11650,12.574495451306689,16,2011,2,1,0,1,0,0,0,0,0,0,0,1,1,0
13364,3.379609805026784,12,2010,2,0,0,0,0,0,0,0,0,0,0,0,1,0
2338,6.729506809146875,15,2012,6,0,0,0,0,1,0,0,0,0,0,1,1,0
4347,4.567012895609488,8,2012,1,0,0,1,0,0,0,0,0,0,0,1,1,0
8938,4.264215109898787,3,2014,5,0,1,0,0,0,0,0,0,0,0,0,1,0
6151,10.679155435266939,4,2015,5,0,1,0,0,0,0,0,0,0,0,0,1,0
13807,8.11832976588305,20,2011,0,1,1,0,0,1,0,0,0,0,0,1,1,0
3671,6.379144554811669,16,2010,1,1,0,0,0,1,0,0,0,0,0,1,1,0
7856,2.1447104596720785,0,2013,2,0,1,0,0,0,0,0,0,0,0,0,1,0
1751,9.500890149976815,13,2011,6,0,0,1,0,0,0,0,0,0,0,1,1,0
11207,4.832342565221394,3,2015,5,0,1,0,0,0,0,0,0,0,0,0,1,0
14357,11.181068232509547,12,2011,4,0,0,0,0,1,0,0,0,0,0,1,1,0
13839,7.131605425066562,17,2012,1,1,0,0,0,1,0,0,0,0,0,1,1,0
6268,4.466437491094925,22,2010,2,0,1,0,0,1,0,0,0,0,0,1,1,0
7738,5.963554426178551,17,2011,1,1,0,0,0,1,0,0,0,0,0,1,1,0
5404,2.790114583842838,11,2011,1,0,0,0,0,0,0,0,0,0,0,0,1,0
1983,5.109607066841862,7,2012,5,0,0,0,0,1,0,0,0,0,0,1,1,0
11493,8.445567349970982,0,2011,3,0,1,0,0,0,0,0,0,0,0,0,1,0
10936,5.930114663179856,14,2013,3,0,0,0,0,1,0,0,0,0,0,1,1,0
3822,4.731296179573365,9,2009,1,0,0,0,0,1,0,0,0,0,0,1,1,0
13271,5.927880248843457,0,2010,5,0,1,0,0,1,0,0,0,0,0,1,1,0
3710,1.1553560259383822,3,2012,6,0,1,0,0,0,0,0,0,0,0,0,1,0
1348,8.126337045083865,17,2013,2,1,0,0,0,1,0,0,0,0,0,1,1,0
2820,5.1948601489185044,8,2009,3,0,0,1,0,0,0,0,0,0,0,1,1,0
7289,8.985127050519933,1,2015,5,0,1,1,0,0,0,0,0,0,0,1,1,0
14434,4.747187678413926,23,2015,2,0,1,0,0,0,0,0,0,0,0,0,1,0
11293,13.753572307788792,17,2015,6,0,0,1,0,0,0,0,0,0,0,1,1,0
6787,8.48109114171677,22,2014,5,0,1,1,0,0,0,0,0,0,0,1,1,0
14385,6.080969425684259,12,2009,2,0,0,0,0,0,0,0,0,0,0,0,1,0
9021,8.49537258635691,8,2010,1,0,0,0,0,1,0,0,0,0,0,1,1,0
1047,3.1261340705281557,3,2009,1,0,1,0,0,0,0,0,0,0,0,0,1,0
3621,4.242406565357243,21,2012,2,0,1,0,0,0,0,0,0,0,0,0,1,0
14945,5.894711797266142,23,2014,1,0,1,0,0,1,0,0,0,0,0,1,1,0
1949,13.059533593704055,15,2013,3,0,0,1,0,0,0,0,0,0,0,1,1,0
6143,4.906116513344677,20,2014,6,0,1,0,0,0,0,0,0,0,0,0,1,0
7199,7.043555367804585,0,2011,2,0,1,0,0,1,0,0,0,0,0,1,1,0
6055,1.768897515690823,20,2014,0,1,1,0,0,0,0,0,0,0,0,0,1,0
11596,9.375885088596409,10,2013,4,0,0,1,0,1,0,0,0,0,0,1,1,0
8810,4.761108977345146,12,2010,5,0,0,0,0,0,0,0,0,0,0,0,1,0
11950,5.2646400301728065,12,2010,6,0,0,0,0,1,0,0,0,0,0,1,1,0
7510,5.4446391930574904,21,2013,6,0,1,0,0,1,0,0,0,0,0,1,1,0
3355,5.460703962065658,12,2009,0,0,0,0,0,1,0,0,0,0,0,1,1,0
14116,11.91935903736261,11,2015,6,0,0,1,0,0,0,0,0,0,0,1,1,0
9651,11.78669709683579,13,2009,6,0,0,0,1,0,0,0,0,0,0,1,0,0
8163,12.782091438612746,22,2012,6,0,1,1,0,0,0,0,0,0,0,1,1,0
7623,5.35532346151719,22,2015,5,0,1,0,0,1,0,0,0,0,0,1,1,0
4223,9.829801430959558,2,2012,5,0,1,0,0,0,0,0,0,0,0,0,1,0
12003,4.316115810170764,20,2013,1,1,1,0,0,0,0,0,0,0,0,0,1,0
2009,13.333713170831457,0,2011,2,0,1,1,0,0,0,0,0,0,0,1,1,0
12814,13.245580887132368,5,2015,0,0,1,1,0,0,0,0,0,0,0,1,1,0
13440,7.846069414174698,22,2011,4,0,1,0,0,0,0,0,0,0,0,0,1,0
329,5.885610674227537,8,2009,0,0,0,0,0,1,0,0,0,0,0,1,1,0
2614,7.845296535445379,23,2014,6,0,1,1,0,0,0,0,0,0,0,1,1,0
13886,11.829701925082425,10,2014,1,0,0,1,0,0,0,0,0,0,0,1,1,0
232,12.619650268816796,14,2010,0,0,0,1,0,0,0,0,0,0,0,1,1,0
11386,3.477014238841441,23,2014,4,0,1,0,0,0,0,0,0,0,0,0,1,0
7924,7.505379584255945,19,2011,1,1,0,0,0,0,0,0,0,0,0,0,1,0
13459,13.02058304482507,14,2011,2,0,0,1,0,0,0,0,0,0,0,1,1,0
13603,8.552358834218717,1,2013,5,0,1,1,0,0,0,0,0,0,0,1,1,0
6322,6.461032329538463,10,2012,0,0,0,0,0,0,0,0,0,0,0,0,1,0
10111,5.845396883353839,19,2012,2,1,0,0,0,1,0,0,0,0,0,1,1,0
12331,8.04256405315526,23,2014,5,0,1,0,0,0,0,0,0,0,0,0,1,0
6569,5.140569140970668,22,2012,4,0,1,0,0,1,0,0,0,0,0,1,1,0
13935,3.1202340372020956,5,2009,3,0,1,0,0,0,0,0,0,0,0,0,1,0
6925,6.644234376197951,17,2014,3,1,0,0,0,1,0,0,0,0,0,1,1,0
5963,5.0753904720778396,0,2011,2,0,1,0,0,0,0,0,0,0,0,0,1,0
8026,10.16679019091142,7,2013,6,0,0,1,0,0,0,0,0,0,0,1,1,0
5626,7.58650266672938,15,2010,2,0,0,0,0,1,0,0,0,0,0,1,1,0
7983,6.526645892966681,16,2012,3,1,0,0,0,1,0,0,0,0,0,1,1,0
9192,5.620172482972418,11,2012,0,0,0,0,0,1,0,0,0,0,0,1,1,0
2797,5.916380968923472,12,2011,6,0,0,0,0,1,0,0,0,0,0,1,1,0
4258,3.0799940652359847,8,2009,6,0,0,0,0,0,0,0,0,0,0,0,1,0
6526,7.591206185472551,15,2012,3,0,0,0,0,1,0,0,0,0,0,1,1,0
10601,4.570656271736129,23,2010,0,0,1,0,0,0,0,0,0,0,0,0,1,0
4277,13.08168333315738,12,2014,6,0,0,1,0,0,0,0,0,0,0,1,1,0
13232,9.74717067641575,10,2010,0,0,0,1,0,0,0,0,0,0,0,1,1,0
1879,6.2353851727538885,6,2009,5,0,1,0,0,1,0,0,0,0,0,1,1,0
14102,12.125468066828367,5,2011,5,0,1,1,0,0,0,0,0,0,0,1,1,0
9674,11.901665225419102,11,2014,1,0,0,1,0,0,0,0,0,0,0,1,1,0
12822,3.280921588971244,2,2012,4,0,1,0,0,0,0,0,0,0,0,0,1,0
7452,12.0700061748169,4,2011,6,0,1,0,0,0,0,0,0,0,0,0,1,0
7154,6.485199062230782,10,2011,0,0,0,0,0,1,0,0,0,0,0,1,1,0
5157,1.633019922710939,4,2012,5,0,1,0,0,0,0,0,0,0,0,0,1,0
8386,1.8966934216951647,15,2011,0,0,0,0,0,1,0,0,0,0,0,1,1,0
3475,6.083382425647095,19,2012,0,1,0,0,0,1,0,0,0,0,0,1,1,0
11734,13.49653641498135,10,2014,5,0,0,1,0,0,0,0,0,0,0,1,1,0
6136,12.768235286124856,9,2012,4,0,0,1,0,0,0,0,0,0,0,1,1,0
11807,5.837546247112683,16,2013,1,1,0,0,0,1,0,0,0,0,0,1,1,0
4638,5.323868695404541,17,2010,4,1,0,0,0,1,0,0,0,0,0,1,1,0
6504,6.356641005680379,22,2015,3,0,1,0,0,1,0,0,0,0,0,1,1,0
9627,0.9787587890393019,3,2012,1,0,1,0,0,0,0,0,0,0,0,0,1,0
1741,6.038538049979777,13,2010,3,0,0,0,0,1,0,0,0,0,0,1,1,0
1898,4.383836036809107,22,2009,4,0,1,0,0,1,0,0,0,0,0,1,1,0
12268,6.1145681994063885,18,2012,3,1,0,0,0,0,0,0,0,0,0,0,1,0
10896,5.75076846116029,19,2013,3,1,0,0,0,1,0,0,0,0,0,1,1,0
9054,8.42244634935534,0,2010,3,0,1,0,0,1,0,0,0,0,0,1,1,0
11702,6.010537153217641,23,2013,0,0,1,0,0,0,0,0,0,0,0,0,1,0
13957,10.155738721816139,10,2012,6,0,0,0,0,1,0,0,0,0,0,1,1,0
3235,4.626440408268986,19,2013,4,1,0,0,0,0,0,0,0,0,0,0,1,0
13551,7.350717218913979,0,2009,3,0,1,1,0,0,0,0,0,0,0,1,1,0
